author,Image URL,Image Credit
A. A. Milne,https://upload.wikimedia.org/wikipedia/commons/thumb/e/e2/Milne-Shadowland-1922.jpg/640px-Milne-Shadowland-1922.jpg,
A. Powell Davies,https://all-souls.org/wp-content/uploads/2022/02/A-Powell-Davies.jpg,
Ralph Abernathy,https://upload.wikimedia.org/wikipedia/commons/thumb/3/3f/Ralph_Abernathy.jpg/640px-Ralph_Abernathy.jpg,
Abraham Lincoln,https://upload.wikimedia.org/wikipedia/commons/thumb/a/ab/Abraham_Lincoln_O-77_matte_collodion_print.jpg/640px-Abraham_Lincoln_O-77_matte_collodion_print.jpg,
Abraham Maslow,https://cdn.pixabay.com/photo/2015/10/05/22/37/blank-profile-picture-973460_1280.png,
Aesop,https://upload.wikimedia.org/wikipedia/commons/6/63/Aesop_pushkin01.jpg,
African proverb,https://cdn.pixabay.com/photo/2015/10/05/22/37/blank-profile-picture-973460_1280.png,
Agatha Christie,https://cdn.pixabay.com/photo/2015/10/05/22/37/blank-profile-picture-973460_1280.png,
Ajahn Chah,https://cdn.pixabay.com/photo/2015/10/05/22/37/blank-profile-picture-973460_1280.png,
Alan Cohen,https://cdn.pixabay.com/photo/2015/10/05/22/37/blank-profile-picture-973460_1280.png,
Alan Watts,https://cdn.pixabay.com/photo/2015/10/05/22/37/blank-profile-picture-973460_1280.png,
Albert Camus,https://cdn.pixabay.com/photo/2015/10/05/22/37/blank-profile-picture-973460_1280.png,
Albert Einstein,https://cdn.pixabay.com/photo/2015/10/05/22/37/blank-profile-picture-973460_1280.png,
Albert Gray,https://cdn.pixabay.com/photo/2015/10/05/22/37/blank-profile-picture-973460_1280.png,
Albert Schweitzer,https://cdn.pixabay.com/photo/2015/10/05/22/37/blank-profile-picture-973460_1280.png,
Aldous Huxley,https://cdn.pixabay.com/photo/2015/10/05/22/37/blank-profile-picture-973460_1280.png,
Alexander Pope,https://cdn.pixabay.com/photo/2015/10/05/22/37/blank-profile-picture-973460_1280.png,
Alexander the Great,https://cdn.pixabay.com/photo/2015/10/05/22/37/blank-profile-picture-973460_1280.png,
Alexis Carrel,https://cdn.pixabay.com/photo/2015/10/05/22/37/blank-profile-picture-973460_1280.png,
Alfred Adler,https://cdn.pixabay.com/photo/2015/10/05/22/37/blank-profile-picture-973460_1280.png,
Alfred Korzybski,https://cdn.pixabay.com/photo/2015/10/05/22/37/blank-profile-picture-973460_1280.png,
Alfred Painter,https://cdn.pixabay.com/photo/2015/10/05/22/37/blank-profile-picture-973460_1280.png,
Alfred Sheinwold,https://cdn.pixabay.com/photo/2015/10/05/22/37/blank-profile-picture-973460_1280.png,
Alfred Tennyson,https://cdn.pixabay.com/photo/2015/10/05/22/37/blank-profile-picture-973460_1280.png,
Alfred Whitehead,https://cdn.pixabay.com/photo/2015/10/05/22/37/blank-profile-picture-973460_1280.png,
Alice Walker,https://cdn.pixabay.com/photo/2015/10/05/22/37/blank-profile-picture-973460_1280.png,
Alphonse Karr,https://cdn.pixabay.com/photo/2015/10/05/22/37/blank-profile-picture-973460_1280.png,
Ambrose Bierce,https://cdn.pixabay.com/photo/2015/10/05/22/37/blank-profile-picture-973460_1280.png,
Amelia Earhart,https://cdn.pixabay.com/photo/2015/10/05/22/37/blank-profile-picture-973460_1280.png,
American proverb,https://cdn.pixabay.com/photo/2015/10/05/22/37/blank-profile-picture-973460_1280.png,
Amiel,https://cdn.pixabay.com/photo/2015/10/05/22/37/blank-profile-picture-973460_1280.png,
Amy Bloom,https://cdn.pixabay.com/photo/2015/10/05/22/37/blank-profile-picture-973460_1280.png,
Amy Tan,https://cdn.pixabay.com/photo/2015/10/05/22/37/blank-profile-picture-973460_1280.png,
Anais Nin,https://cdn.pixabay.com/photo/2015/10/05/22/37/blank-profile-picture-973460_1280.png,
Anaïs Nin,https://cdn.pixabay.com/photo/2015/10/05/22/37/blank-profile-picture-973460_1280.png,
Anatole France,https://cdn.pixabay.com/photo/2015/10/05/22/37/blank-profile-picture-973460_1280.png,
Andre Gide,https://cdn.pixabay.com/photo/2015/10/05/22/37/blank-profile-picture-973460_1280.png,
André Gide,https://cdn.pixabay.com/photo/2015/10/05/22/37/blank-profile-picture-973460_1280.png,
Andy Rooney,https://cdn.pixabay.com/photo/2015/10/05/22/37/blank-profile-picture-973460_1280.png,
Andy Warhol,https://cdn.pixabay.com/photo/2015/10/05/22/37/blank-profile-picture-973460_1280.png,
Angela Schwindt,https://cdn.pixabay.com/photo/2015/10/05/22/37/blank-profile-picture-973460_1280.png,
Anna Pavlova,https://cdn.pixabay.com/photo/2015/10/05/22/37/blank-profile-picture-973460_1280.png,
Anne Bradstreet,https://cdn.pixabay.com/photo/2015/10/05/22/37/blank-profile-picture-973460_1280.png,
Anne Bronte,https://cdn.pixabay.com/photo/2015/10/05/22/37/blank-profile-picture-973460_1280.png,
Anne Frank,https://cdn.pixabay.com/photo/2015/10/05/22/37/blank-profile-picture-973460_1280.png,
Anne Lamott,https://cdn.pixabay.com/photo/2015/10/05/22/37/blank-profile-picture-973460_1280.png,
Anne Lindbergh,https://cdn.pixabay.com/photo/2015/10/05/22/37/blank-profile-picture-973460_1280.png,
Anne Schaef,https://cdn.pixabay.com/photo/2015/10/05/22/37/blank-profile-picture-973460_1280.png,
Anne Wilson Schaef,https://cdn.pixabay.com/photo/2015/10/05/22/37/blank-profile-picture-973460_1280.png,
Annie Dillard,https://cdn.pixabay.com/photo/2015/10/05/22/37/blank-profile-picture-973460_1280.png,
Anthony D'Angelo,https://cdn.pixabay.com/photo/2015/10/05/22/37/blank-profile-picture-973460_1280.png,
Anthony Robbins,https://cdn.pixabay.com/photo/2015/10/05/22/37/blank-profile-picture-973460_1280.png,
Antoine de Saint-Exupery,https://cdn.pixabay.com/photo/2015/10/05/22/37/blank-profile-picture-973460_1280.png,
Arianna Huffington,https://cdn.pixabay.com/photo/2015/10/05/22/37/blank-profile-picture-973460_1280.png,
Arie de Gues,https://cdn.pixabay.com/photo/2015/10/05/22/37/blank-profile-picture-973460_1280.png,
Aristotle,https://cdn.pixabay.com/photo/2015/10/05/22/37/blank-profile-picture-973460_1280.png,
Arnold Schwarzenegger,https://cdn.pixabay.com/photo/2015/10/05/22/37/blank-profile-picture-973460_1280.png,
Arthur Conan Doyle,https://cdn.pixabay.com/photo/2015/10/05/22/37/blank-profile-picture-973460_1280.png,
Arthur Rubinstein,https://cdn.pixabay.com/photo/2015/10/05/22/37/blank-profile-picture-973460_1280.png,
Arthur Schopenhauer,https://cdn.pixabay.com/photo/2015/10/05/22/37/blank-profile-picture-973460_1280.png,
Audre Lorde,https://cdn.pixabay.com/photo/2015/10/05/22/37/blank-profile-picture-973460_1280.png,
Augustinus Sanctus,https://cdn.pixabay.com/photo/2015/10/05/22/37/blank-profile-picture-973460_1280.png,
Babatunde Olatunji,https://cdn.pixabay.com/photo/2015/10/05/22/37/blank-profile-picture-973460_1280.png,
Babe Ruth,https://cdn.pixabay.com/photo/2015/10/05/22/37/blank-profile-picture-973460_1280.png,
Baltasar Gracian,https://cdn.pixabay.com/photo/2015/10/05/22/37/blank-profile-picture-973460_1280.png,
Barack Obama,https://cdn.pixabay.com/photo/2015/10/05/22/37/blank-profile-picture-973460_1280.png,
Barbara Baron,https://cdn.pixabay.com/photo/2015/10/05/22/37/blank-profile-picture-973460_1280.png,
Barbara De Angelis,https://cdn.pixabay.com/photo/2015/10/05/22/37/blank-profile-picture-973460_1280.png,
Ben Stein,https://cdn.pixabay.com/photo/2015/10/05/22/37/blank-profile-picture-973460_1280.png,
Ben Sweetland,https://cdn.pixabay.com/photo/2015/10/05/22/37/blank-profile-picture-973460_1280.png,
Benjamin Disraeli,https://cdn.pixabay.com/photo/2015/10/05/22/37/blank-profile-picture-973460_1280.png,
Benjamin Franklin,https://cdn.pixabay.com/photo/2015/10/05/22/37/blank-profile-picture-973460_1280.png,
Benjamin Haydon,https://cdn.pixabay.com/photo/2015/10/05/22/37/blank-profile-picture-973460_1280.png,
Benjamin Spock,https://cdn.pixabay.com/photo/2015/10/05/22/37/blank-profile-picture-973460_1280.png,
Bernadette Devlin,https://cdn.pixabay.com/photo/2015/10/05/22/37/blank-profile-picture-973460_1280.png,
Bernard Shaw,https://cdn.pixabay.com/photo/2015/10/05/22/37/blank-profile-picture-973460_1280.png,
Bernice Johnson Reagon,https://cdn.pixabay.com/photo/2015/10/05/22/37/blank-profile-picture-973460_1280.png,
Bernice Reagon,https://cdn.pixabay.com/photo/2015/10/05/22/37/blank-profile-picture-973460_1280.png,
Bertrand Russell,https://cdn.pixabay.com/photo/2015/10/05/22/37/blank-profile-picture-973460_1280.png,
Betty Friedan,https://cdn.pixabay.com/photo/2015/10/05/22/37/blank-profile-picture-973460_1280.png,
Bill Gates,https://cdn.pixabay.com/photo/2015/10/05/22/37/blank-profile-picture-973460_1280.png,
Billie Armstrong,https://cdn.pixabay.com/photo/2015/10/05/22/37/blank-profile-picture-973460_1280.png,
Billy Wilder,https://cdn.pixabay.com/photo/2015/10/05/22/37/blank-profile-picture-973460_1280.png,
Bishop Desmond Tutu,https://cdn.pixabay.com/photo/2015/10/05/22/37/blank-profile-picture-973460_1280.png,
Blaise Pascal,https://cdn.pixabay.com/photo/2015/10/05/22/37/blank-profile-picture-973460_1280.png,
Bo Jackson,https://cdn.pixabay.com/photo/2015/10/05/22/37/blank-profile-picture-973460_1280.png,
Bob Newhart,https://cdn.pixabay.com/photo/2015/10/05/22/37/blank-profile-picture-973460_1280.png,
Bodhidharma,https://cdn.pixabay.com/photo/2015/10/05/22/37/blank-profile-picture-973460_1280.png,
Booker Washington,https://cdn.pixabay.com/photo/2015/10/05/22/37/blank-profile-picture-973460_1280.png,
Brendan Francis,https://cdn.pixabay.com/photo/2015/10/05/22/37/blank-profile-picture-973460_1280.png,
Brian Tracy,https://cdn.pixabay.com/photo/2015/10/05/22/37/blank-profile-picture-973460_1280.png,
Bruce Garrabrandt,https://cdn.pixabay.com/photo/2015/10/05/22/37/blank-profile-picture-973460_1280.png,
Bruce Lee,https://cdn.pixabay.com/photo/2015/10/05/22/37/blank-profile-picture-973460_1280.png,
Buckminster Fuller,https://cdn.pixabay.com/photo/2015/10/05/22/37/blank-profile-picture-973460_1280.png,
Buddha,https://cdn.pixabay.com/photo/2015/10/05/22/37/blank-profile-picture-973460_1280.png,
Byron Pulsifer,https://cdn.pixabay.com/photo/2015/10/05/22/37/blank-profile-picture-973460_1280.png,
Byron Roberts,https://cdn.pixabay.com/photo/2015/10/05/22/37/blank-profile-picture-973460_1280.png,
C. Pulsifer,https://cdn.pixabay.com/photo/2015/10/05/22/37/blank-profile-picture-973460_1280.png,
Cadet Maxim,https://cdn.pixabay.com/photo/2015/10/05/22/37/blank-profile-picture-973460_1280.png,
Calvin Coolidge,https://cdn.pixabay.com/photo/2015/10/05/22/37/blank-profile-picture-973460_1280.png,
Cardinal Retz,https://cdn.pixabay.com/photo/2015/10/05/22/37/blank-profile-picture-973460_1280.png,
Carl Bard,https://cdn.pixabay.com/photo/2015/10/05/22/37/blank-profile-picture-973460_1280.png,
Carl Jung,https://cdn.pixabay.com/photo/2015/10/05/22/37/blank-profile-picture-973460_1280.png,
Carl Sagan,https://cdn.pixabay.com/photo/2015/10/05/22/37/blank-profile-picture-973460_1280.png,
Carl Sandburg,https://cdn.pixabay.com/photo/2015/10/05/22/37/blank-profile-picture-973460_1280.png,
Carla Gordon,https://cdn.pixabay.com/photo/2015/10/05/22/37/blank-profile-picture-973460_1280.png,
Carlos Castaneda,https://cdn.pixabay.com/photo/2015/10/05/22/37/blank-profile-picture-973460_1280.png,
Carlyle,https://cdn.pixabay.com/photo/2015/10/05/22/37/blank-profile-picture-973460_1280.png,
Caroline Myss,https://cdn.pixabay.com/photo/2015/10/05/22/37/blank-profile-picture-973460_1280.png,
Catherine Pulsifer,https://cdn.pixabay.com/photo/2015/10/05/22/37/blank-profile-picture-973460_1280.png,
Cathy Pulsifer,https://cdn.pixabay.com/photo/2015/10/05/22/37/blank-profile-picture-973460_1280.png,
Cavour,https://cdn.pixabay.com/photo/2015/10/05/22/37/blank-profile-picture-973460_1280.png,
Cecil B. DeMille,https://cdn.pixabay.com/photo/2015/10/05/22/37/blank-profile-picture-973460_1280.png,
Cervantes,https://cdn.pixabay.com/photo/2015/10/05/22/37/blank-profile-picture-973460_1280.png,
Chalmers,https://cdn.pixabay.com/photo/2015/10/05/22/37/blank-profile-picture-973460_1280.png,
Chanakya,https://cdn.pixabay.com/photo/2015/10/05/22/37/blank-profile-picture-973460_1280.png,
Channing,https://cdn.pixabay.com/photo/2015/10/05/22/37/blank-profile-picture-973460_1280.png,
Charles A. Lindbergh,https://cdn.pixabay.com/photo/2015/10/05/22/37/blank-profile-picture-973460_1280.png,
Charles Chesnutt,https://cdn.pixabay.com/photo/2015/10/05/22/37/blank-profile-picture-973460_1280.png,
Charles Darwin,https://cdn.pixabay.com/photo/2015/10/05/22/37/blank-profile-picture-973460_1280.png,
Charles DeLint,https://cdn.pixabay.com/photo/2015/10/05/22/37/blank-profile-picture-973460_1280.png,
Charles Dickens,https://cdn.pixabay.com/photo/2015/10/05/22/37/blank-profile-picture-973460_1280.png,
Charles Dubois,https://cdn.pixabay.com/photo/2015/10/05/22/37/blank-profile-picture-973460_1280.png,
Charles Kettering,https://cdn.pixabay.com/photo/2015/10/05/22/37/blank-profile-picture-973460_1280.png,
Charles Lamb,https://cdn.pixabay.com/photo/2015/10/05/22/37/blank-profile-picture-973460_1280.png,
Charles Perkhurst,https://cdn.pixabay.com/photo/2015/10/05/22/37/blank-profile-picture-973460_1280.png,
Charles R. Swindoll,https://cdn.pixabay.com/photo/2015/10/05/22/37/blank-profile-picture-973460_1280.png,
Charles Schwab,https://cdn.pixabay.com/photo/2015/10/05/22/37/blank-profile-picture-973460_1280.png,
Charles Swindoll,https://cdn.pixabay.com/photo/2015/10/05/22/37/blank-profile-picture-973460_1280.png,
Charlotte Bronte,https://cdn.pixabay.com/photo/2015/10/05/22/37/blank-profile-picture-973460_1280.png,
Charlotte Gilman,https://cdn.pixabay.com/photo/2015/10/05/22/37/blank-profile-picture-973460_1280.png,
Charlotte Perkins Gilman,https://cdn.pixabay.com/photo/2015/10/05/22/37/blank-profile-picture-973460_1280.png,
Chelsea Leyland,https://cdn.pixabay.com/photo/2015/10/05/22/37/blank-profile-picture-973460_1280.png,
Cheng Yen,https://cdn.pixabay.com/photo/2015/10/05/22/37/blank-profile-picture-973460_1280.png,
Chinese proverb,https://cdn.pixabay.com/photo/2015/10/05/22/37/blank-profile-picture-973460_1280.png,
Christian Bovee,https://cdn.pixabay.com/photo/2015/10/05/22/37/blank-profile-picture-973460_1280.png,
Christopher Morley,https://cdn.pixabay.com/photo/2015/10/05/22/37/blank-profile-picture-973460_1280.png,
Christopher Reeve,https://cdn.pixabay.com/photo/2015/10/05/22/37/blank-profile-picture-973460_1280.png,
Chuang Tzu,https://cdn.pixabay.com/photo/2015/10/05/22/37/blank-profile-picture-973460_1280.png,
Chuck Norris,https://cdn.pixabay.com/photo/2015/10/05/22/37/blank-profile-picture-973460_1280.png,
Cicero,https://cdn.pixabay.com/photo/2015/10/05/22/37/blank-profile-picture-973460_1280.png,
Claire Charmont,https://cdn.pixabay.com/photo/2015/10/05/22/37/blank-profile-picture-973460_1280.png,
Coco Chanel,https://cdn.pixabay.com/photo/2015/10/05/22/37/blank-profile-picture-973460_1280.png,
Colette,https://cdn.pixabay.com/photo/2015/10/05/22/37/blank-profile-picture-973460_1280.png,
Colin Powell,https://cdn.pixabay.com/photo/2015/10/05/22/37/blank-profile-picture-973460_1280.png,
Confucius,https://cdn.pixabay.com/photo/2015/10/05/22/37/blank-profile-picture-973460_1280.png,
Corita Kent,https://cdn.pixabay.com/photo/2015/10/05/22/37/blank-profile-picture-973460_1280.png,
Cullen Hightower,https://cdn.pixabay.com/photo/2015/10/05/22/37/blank-profile-picture-973460_1280.png,
Cynthia Ozick,https://cdn.pixabay.com/photo/2015/10/05/22/37/blank-profile-picture-973460_1280.png,
Daisaku Ikeda,https://cdn.pixabay.com/photo/2015/10/05/22/37/blank-profile-picture-973460_1280.png,
Dalai Lama,https://cdn.pixabay.com/photo/2015/10/05/22/37/blank-profile-picture-973460_1280.png,
Dale Carnegie,https://cdn.pixabay.com/photo/2015/10/05/22/37/blank-profile-picture-973460_1280.png,
Dale Earnhardt,https://cdn.pixabay.com/photo/2015/10/05/22/37/blank-profile-picture-973460_1280.png,
Danielle Ingrum,https://cdn.pixabay.com/photo/2015/10/05/22/37/blank-profile-picture-973460_1280.png,
Danilo Dolci,https://cdn.pixabay.com/photo/2015/10/05/22/37/blank-profile-picture-973460_1280.png,
Dave Weinbaum,https://cdn.pixabay.com/photo/2015/10/05/22/37/blank-profile-picture-973460_1280.png,
David Bader,https://cdn.pixabay.com/photo/2015/10/05/22/37/blank-profile-picture-973460_1280.png,
David Bowie,https://cdn.pixabay.com/photo/2015/10/05/22/37/blank-profile-picture-973460_1280.png,
David Brinkley,https://cdn.pixabay.com/photo/2015/10/05/22/37/blank-profile-picture-973460_1280.png,
David Eddings,https://cdn.pixabay.com/photo/2015/10/05/22/37/blank-profile-picture-973460_1280.png,
David Jordan,https://cdn.pixabay.com/photo/2015/10/05/22/37/blank-profile-picture-973460_1280.png,
David McCullough,https://cdn.pixabay.com/photo/2015/10/05/22/37/blank-profile-picture-973460_1280.png,
David Rockefeller,https://cdn.pixabay.com/photo/2015/10/05/22/37/blank-profile-picture-973460_1280.png,
David Seamans,https://cdn.pixabay.com/photo/2015/10/05/22/37/blank-profile-picture-973460_1280.png,
Deepak Chopra,https://cdn.pixabay.com/photo/2015/10/05/22/37/blank-profile-picture-973460_1280.png,
Demosthenes,https://cdn.pixabay.com/photo/2015/10/05/22/37/blank-profile-picture-973460_1280.png,
Denis Waitley,https://cdn.pixabay.com/photo/2015/10/05/22/37/blank-profile-picture-973460_1280.png,
Dennis Gabor,https://cdn.pixabay.com/photo/2015/10/05/22/37/blank-profile-picture-973460_1280.png,
Dennis Kimbro,https://cdn.pixabay.com/photo/2015/10/05/22/37/blank-profile-picture-973460_1280.png,
Desiderius Erasmus,https://cdn.pixabay.com/photo/2015/10/05/22/37/blank-profile-picture-973460_1280.png,
Dhammapada,https://cdn.pixabay.com/photo/2015/10/05/22/37/blank-profile-picture-973460_1280.png,
Dieter F. Uchtdorf,https://cdn.pixabay.com/photo/2015/10/05/22/37/blank-profile-picture-973460_1280.png,
Diogenes,https://cdn.pixabay.com/photo/2015/10/05/22/37/blank-profile-picture-973460_1280.png,
Donald Kircher,https://cdn.pixabay.com/photo/2015/10/05/22/37/blank-profile-picture-973460_1280.png,
Donald Trump,https://cdn.pixabay.com/photo/2015/10/05/22/37/blank-profile-picture-973460_1280.png,
Doris Day,https://cdn.pixabay.com/photo/2015/10/05/22/37/blank-profile-picture-973460_1280.png,
Doris Mortman,https://cdn.pixabay.com/photo/2015/10/05/22/37/blank-profile-picture-973460_1280.png,
Dorothy Thompson,https://cdn.pixabay.com/photo/2015/10/05/22/37/blank-profile-picture-973460_1280.png,
Doug Horton,https://cdn.pixabay.com/photo/2015/10/05/22/37/blank-profile-picture-973460_1280.png,
Doug Larson,https://cdn.pixabay.com/photo/2015/10/05/22/37/blank-profile-picture-973460_1280.png,
Douglas Adams,https://cdn.pixabay.com/photo/2015/10/05/22/37/blank-profile-picture-973460_1280.png,
Dr. David M. Burns,https://cdn.pixabay.com/photo/2015/10/05/22/37/blank-profile-picture-973460_1280.png,
Dr. Seuss,https://cdn.pixabay.com/photo/2015/10/05/22/37/blank-profile-picture-973460_1280.png,
E. E. Cummings,https://cdn.pixabay.com/photo/2015/10/05/22/37/blank-profile-picture-973460_1280.png,
E. M. Forster,https://cdn.pixabay.com/photo/2015/10/05/22/37/blank-profile-picture-973460_1280.png,
Eckhart Tolle,https://cdn.pixabay.com/photo/2015/10/05/22/37/blank-profile-picture-973460_1280.png,
Ed Cunningham,https://cdn.pixabay.com/photo/2015/10/05/22/37/blank-profile-picture-973460_1280.png,
Eddie Cantor,https://cdn.pixabay.com/photo/2015/10/05/22/37/blank-profile-picture-973460_1280.png,
Eden Phillpotts,https://cdn.pixabay.com/photo/2015/10/05/22/37/blank-profile-picture-973460_1280.png,
Edgar Allan Poe,https://cdn.pixabay.com/photo/2015/10/05/22/37/blank-profile-picture-973460_1280.png,
Edith Södergran,https://cdn.pixabay.com/photo/2015/10/05/22/37/blank-profile-picture-973460_1280.png,
Edith Wharton,https://cdn.pixabay.com/photo/2015/10/05/22/37/blank-profile-picture-973460_1280.png,
Edmond Rostand,https://cdn.pixabay.com/photo/2015/10/05/22/37/blank-profile-picture-973460_1280.png,
Edmund Burke,https://cdn.pixabay.com/photo/2015/10/05/22/37/blank-profile-picture-973460_1280.png,
Edna Millay,https://cdn.pixabay.com/photo/2015/10/05/22/37/blank-profile-picture-973460_1280.png,
Edward de Bono,https://cdn.pixabay.com/photo/2015/10/05/22/37/blank-profile-picture-973460_1280.png,
Edward Ericson,https://cdn.pixabay.com/photo/2015/10/05/22/37/blank-profile-picture-973460_1280.png,
Edward Gibbon,https://cdn.pixabay.com/photo/2015/10/05/22/37/blank-profile-picture-973460_1280.png,
Edward Young,https://cdn.pixabay.com/photo/2015/10/05/22/37/blank-profile-picture-973460_1280.png,
Edwin Chapin,https://cdn.pixabay.com/photo/2015/10/05/22/37/blank-profile-picture-973460_1280.png,
Edwin Markham,https://cdn.pixabay.com/photo/2015/10/05/22/37/blank-profile-picture-973460_1280.png,
Eknath Easwaran,https://cdn.pixabay.com/photo/2015/10/05/22/37/blank-profile-picture-973460_1280.png,
Elbert Hubbard,https://cdn.pixabay.com/photo/2015/10/05/22/37/blank-profile-picture-973460_1280.png,
Eleanor Roosevelt,https://cdn.pixabay.com/photo/2015/10/05/22/37/blank-profile-picture-973460_1280.png,
Elisabeth Kubler-Ross,https://cdn.pixabay.com/photo/2015/10/05/22/37/blank-profile-picture-973460_1280.png,
Elizabeth Arden,https://cdn.pixabay.com/photo/2015/10/05/22/37/blank-profile-picture-973460_1280.png,
Elizabeth Browning,https://cdn.pixabay.com/photo/2015/10/05/22/37/blank-profile-picture-973460_1280.png,
Elizabeth Kenny,https://cdn.pixabay.com/photo/2015/10/05/22/37/blank-profile-picture-973460_1280.png,
Elizabeth Montagu,https://cdn.pixabay.com/photo/2015/10/05/22/37/blank-profile-picture-973460_1280.png,
Ella Fitzgerald,https://cdn.pixabay.com/photo/2015/10/05/22/37/blank-profile-picture-973460_1280.png,
Ella Wilcox,https://cdn.pixabay.com/photo/2015/10/05/22/37/blank-profile-picture-973460_1280.png,
Ella Williams,https://cdn.pixabay.com/photo/2015/10/05/22/37/blank-profile-picture-973460_1280.png,
Ellen Gilchrist,https://cdn.pixabay.com/photo/2015/10/05/22/37/blank-profile-picture-973460_1280.png,
Ellen Parr,https://cdn.pixabay.com/photo/2015/10/05/22/37/blank-profile-picture-973460_1280.png,
English proverb,https://cdn.pixabay.com/photo/2015/10/05/22/37/blank-profile-picture-973460_1280.png,
Epictetus,https://cdn.pixabay.com/photo/2015/10/05/22/37/blank-profile-picture-973460_1280.png,
Eric Hoffer,https://cdn.pixabay.com/photo/2015/10/05/22/37/blank-profile-picture-973460_1280.png,
Eriksson,https://cdn.pixabay.com/photo/2015/10/05/22/37/blank-profile-picture-973460_1280.png,
Ernest Hemingway,https://cdn.pixabay.com/photo/2015/10/05/22/37/blank-profile-picture-973460_1280.png,
Etty Hillesum,https://cdn.pixabay.com/photo/2015/10/05/22/37/blank-profile-picture-973460_1280.png,
Euripides,https://cdn.pixabay.com/photo/2015/10/05/22/37/blank-profile-picture-973460_1280.png,
Everett Dirksen,https://cdn.pixabay.com/photo/2015/10/05/22/37/blank-profile-picture-973460_1280.png,
Fannie Hamer,https://cdn.pixabay.com/photo/2015/10/05/22/37/blank-profile-picture-973460_1280.png,
Felix Adler,https://cdn.pixabay.com/photo/2015/10/05/22/37/blank-profile-picture-973460_1280.png,
Flora Whittemore,https://cdn.pixabay.com/photo/2015/10/05/22/37/blank-profile-picture-973460_1280.png,
Florence Nightingale,https://cdn.pixabay.com/photo/2015/10/05/22/37/blank-profile-picture-973460_1280.png,
Forrest Church,https://cdn.pixabay.com/photo/2015/10/05/22/37/blank-profile-picture-973460_1280.png,
Forrest Gump,https://cdn.pixabay.com/photo/2015/10/05/22/37/blank-profile-picture-973460_1280.png,
Fran Watson,https://cdn.pixabay.com/photo/2015/10/05/22/37/blank-profile-picture-973460_1280.png,
Frances de Sales,https://cdn.pixabay.com/photo/2015/10/05/22/37/blank-profile-picture-973460_1280.png,
Francis Bacon,https://cdn.pixabay.com/photo/2015/10/05/22/37/blank-profile-picture-973460_1280.png,
Francois de La Rochefoucauld,https://cdn.pixabay.com/photo/2015/10/05/22/37/blank-profile-picture-973460_1280.png,
Francoise de Motteville,https://cdn.pixabay.com/photo/2015/10/05/22/37/blank-profile-picture-973460_1280.png,
Frank Crane,https://cdn.pixabay.com/photo/2015/10/05/22/37/blank-profile-picture-973460_1280.png,
Frank Herbert,https://cdn.pixabay.com/photo/2015/10/05/22/37/blank-profile-picture-973460_1280.png,
Frank Tyger,https://cdn.pixabay.com/photo/2015/10/05/22/37/blank-profile-picture-973460_1280.png,
Frank Wright,https://cdn.pixabay.com/photo/2015/10/05/22/37/blank-profile-picture-973460_1280.png,
Franklin D. Roosevelt,https://cdn.pixabay.com/photo/2015/10/05/22/37/blank-profile-picture-973460_1280.png,
Franklin Roosevelt,https://cdn.pixabay.com/photo/2015/10/05/22/37/blank-profile-picture-973460_1280.png,
Franz Liszt,https://cdn.pixabay.com/photo/2015/10/05/22/37/blank-profile-picture-973460_1280.png,
Frederick Douglass,https://cdn.pixabay.com/photo/2015/10/05/22/37/blank-profile-picture-973460_1280.png,
Frederick Wilcox,https://cdn.pixabay.com/photo/2015/10/05/22/37/blank-profile-picture-973460_1280.png,
Friedrich von Schiller,https://cdn.pixabay.com/photo/2015/10/05/22/37/blank-profile-picture-973460_1280.png,
Fyodor Dostoevsky,https://cdn.pixabay.com/photo/2015/10/05/22/37/blank-profile-picture-973460_1280.png,
G. K. Chesterton,https://cdn.pixabay.com/photo/2015/10/05/22/37/blank-profile-picture-973460_1280.png,
Gail Sheehy,https://cdn.pixabay.com/photo/2015/10/05/22/37/blank-profile-picture-973460_1280.png,
Galileo Galilei,https://cdn.pixabay.com/photo/2015/10/05/22/37/blank-profile-picture-973460_1280.png,
General Douglas MacArthur,https://cdn.pixabay.com/photo/2015/10/05/22/37/blank-profile-picture-973460_1280.png,
Geoffrey F. Abert,https://cdn.pixabay.com/photo/2015/10/05/22/37/blank-profile-picture-973460_1280.png,
Georg Lichtenberg,https://cdn.pixabay.com/photo/2015/10/05/22/37/blank-profile-picture-973460_1280.png,
George Allen,https://cdn.pixabay.com/photo/2015/10/05/22/37/blank-profile-picture-973460_1280.png,
George Bernard Shaw,https://cdn.pixabay.com/photo/2015/10/05/22/37/blank-profile-picture-973460_1280.png,
George Eliot,https://cdn.pixabay.com/photo/2015/10/05/22/37/blank-profile-picture-973460_1280.png,
George Matthew Adams,https://cdn.pixabay.com/photo/2015/10/05/22/37/blank-profile-picture-973460_1280.png,
George Orwell,https://cdn.pixabay.com/photo/2015/10/05/22/37/blank-profile-picture-973460_1280.png,
George Patton,https://cdn.pixabay.com/photo/2015/10/05/22/37/blank-profile-picture-973460_1280.png,
George Sand,https://cdn.pixabay.com/photo/2015/10/05/22/37/blank-profile-picture-973460_1280.png,
George Santayan,https://cdn.pixabay.com/photo/2015/10/05/22/37/blank-profile-picture-973460_1280.png,
George Shaw,https://cdn.pixabay.com/photo/2015/10/05/22/37/blank-profile-picture-973460_1280.png,
George Sheehan,https://cdn.pixabay.com/photo/2015/10/05/22/37/blank-profile-picture-973460_1280.png,
German proverb,https://cdn.pixabay.com/photo/2015/10/05/22/37/blank-profile-picture-973460_1280.png,
Gloria Steinem,https://cdn.pixabay.com/photo/2015/10/05/22/37/blank-profile-picture-973460_1280.png,
Goethe,https://cdn.pixabay.com/photo/2015/10/05/22/37/blank-profile-picture-973460_1280.png,
Gordon Hinckley,https://cdn.pixabay.com/photo/2015/10/05/22/37/blank-profile-picture-973460_1280.png,
Grandma Moses,https://cdn.pixabay.com/photo/2015/10/05/22/37/blank-profile-picture-973460_1280.png,
Gustave Flaubert,https://cdn.pixabay.com/photo/2015/10/05/22/37/blank-profile-picture-973460_1280.png,
H. Bertram Lewis,https://cdn.pixabay.com/photo/2015/10/05/22/37/blank-profile-picture-973460_1280.png,
H. Jackson Browne,https://cdn.pixabay.com/photo/2015/10/05/22/37/blank-profile-picture-973460_1280.png,
H. W. Arnold,https://cdn.pixabay.com/photo/2015/10/05/22/37/blank-profile-picture-973460_1280.png,
Haddon Robinson,https://cdn.pixabay.com/photo/2015/10/05/22/37/blank-profile-picture-973460_1280.png,
Hannah Arendt,https://cdn.pixabay.com/photo/2015/10/05/22/37/blank-profile-picture-973460_1280.png,
Hannah More,https://cdn.pixabay.com/photo/2015/10/05/22/37/blank-profile-picture-973460_1280.png,
Hannah Senesh,https://cdn.pixabay.com/photo/2015/10/05/22/37/blank-profile-picture-973460_1280.png,
Harold Nicolson,https://cdn.pixabay.com/photo/2015/10/05/22/37/blank-profile-picture-973460_1280.png,
Harriet Beecher Stowe,https://cdn.pixabay.com/photo/2015/10/05/22/37/blank-profile-picture-973460_1280.png,
Harriet Lerner,https://cdn.pixabay.com/photo/2015/10/05/22/37/blank-profile-picture-973460_1280.png,
Harriet Tubman,https://cdn.pixabay.com/photo/2015/10/05/22/37/blank-profile-picture-973460_1280.png,
Harriet Woods,https://cdn.pixabay.com/photo/2015/10/05/22/37/blank-profile-picture-973460_1280.png,
Harry Banks,https://cdn.pixabay.com/photo/2015/10/05/22/37/blank-profile-picture-973460_1280.png,
Harry Burchell Mathews,https://cdn.pixabay.com/photo/2015/10/05/22/37/blank-profile-picture-973460_1280.png,
Harry Kemp,https://cdn.pixabay.com/photo/2015/10/05/22/37/blank-profile-picture-973460_1280.png,
Hasidic saying,https://cdn.pixabay.com/photo/2015/10/05/22/37/blank-profile-picture-973460_1280.png,
Hausa,https://cdn.pixabay.com/photo/2015/10/05/22/37/blank-profile-picture-973460_1280.png,
Havelock Ellis,https://cdn.pixabay.com/photo/2015/10/05/22/37/blank-profile-picture-973460_1280.png,
Haynes Bayly,https://cdn.pixabay.com/photo/2015/10/05/22/37/blank-profile-picture-973460_1280.png,
Helen Keller,https://cdn.pixabay.com/photo/2015/10/05/22/37/blank-profile-picture-973460_1280.png,
Henri Amiel,https://cdn.pixabay.com/photo/2015/10/05/22/37/blank-profile-picture-973460_1280.png,
Henri Bergson,https://cdn.pixabay.com/photo/2015/10/05/22/37/blank-profile-picture-973460_1280.png,
Henri L. Bergson,https://cdn.pixabay.com/photo/2015/10/05/22/37/blank-profile-picture-973460_1280.png,
Henri Matisse,https://cdn.pixabay.com/photo/2015/10/05/22/37/blank-profile-picture-973460_1280.png,
Henri-Frederic Amiel,https://cdn.pixabay.com/photo/2015/10/05/22/37/blank-profile-picture-973460_1280.png,
Henry Beecher,https://cdn.pixabay.com/photo/2015/10/05/22/37/blank-profile-picture-973460_1280.png,
Henry David Thoreau,https://cdn.pixabay.com/photo/2015/10/05/22/37/blank-profile-picture-973460_1280.png,
Henry Ford,https://cdn.pixabay.com/photo/2015/10/05/22/37/blank-profile-picture-973460_1280.png,
Henry J. Kaiser,https://cdn.pixabay.com/photo/2015/10/05/22/37/blank-profile-picture-973460_1280.png,
Henry James,https://cdn.pixabay.com/photo/2015/10/05/22/37/blank-profile-picture-973460_1280.png,
Henry Longfellow,https://cdn.pixabay.com/photo/2015/10/05/22/37/blank-profile-picture-973460_1280.png,
Henry Miller,https://cdn.pixabay.com/photo/2015/10/05/22/37/blank-profile-picture-973460_1280.png,
Henry Moore,https://cdn.pixabay.com/photo/2015/10/05/22/37/blank-profile-picture-973460_1280.png,
Henry Reed,https://cdn.pixabay.com/photo/2015/10/05/22/37/blank-profile-picture-973460_1280.png,
Henry Thoreau,https://cdn.pixabay.com/photo/2015/10/05/22/37/blank-profile-picture-973460_1280.png,
Henry Van Dyke,https://cdn.pixabay.com/photo/2015/10/05/22/37/blank-profile-picture-973460_1280.png,
Henry Ward Beecher,https://cdn.pixabay.com/photo/2015/10/05/22/37/blank-profile-picture-973460_1280.png,
Heraclitus,https://cdn.pixabay.com/photo/2015/10/05/22/37/blank-profile-picture-973460_1280.png,
Herbert Swope,https://cdn.pixabay.com/photo/2015/10/05/22/37/blank-profile-picture-973460_1280.png,
Hermann Hesse,https://cdn.pixabay.com/photo/2015/10/05/22/37/blank-profile-picture-973460_1280.png,
Holmes,https://cdn.pixabay.com/photo/2015/10/05/22/37/blank-profile-picture-973460_1280.png,
Honore de Balzac,https://cdn.pixabay.com/photo/2015/10/05/22/37/blank-profile-picture-973460_1280.png,
Horace,https://cdn.pixabay.com/photo/2015/10/05/22/37/blank-profile-picture-973460_1280.png,
Horace Friess,https://cdn.pixabay.com/photo/2015/10/05/22/37/blank-profile-picture-973460_1280.png,
Hugh Miller,https://cdn.pixabay.com/photo/2015/10/05/22/37/blank-profile-picture-973460_1280.png,
Immanuel Kant,https://cdn.pixabay.com/photo/2015/10/05/22/37/blank-profile-picture-973460_1280.png,
Indira Gandhi,https://cdn.pixabay.com/photo/2015/10/05/22/37/blank-profile-picture-973460_1280.png,
Ingrid Bergman,https://cdn.pixabay.com/photo/2015/10/05/22/37/blank-profile-picture-973460_1280.png,
Iris Murdoch,https://cdn.pixabay.com/photo/2015/10/05/22/37/blank-profile-picture-973460_1280.png,
Isaac Asimov,https://cdn.pixabay.com/photo/2015/10/05/22/37/blank-profile-picture-973460_1280.png,
Isocrates,https://cdn.pixabay.com/photo/2015/10/05/22/37/blank-profile-picture-973460_1280.png,
Ivy Baker Priest,https://cdn.pixabay.com/photo/2015/10/05/22/37/blank-profile-picture-973460_1280.png,
J. Willard Marriott,https://cdn.pixabay.com/photo/2015/10/05/22/37/blank-profile-picture-973460_1280.png,
J.K. Rowling,https://cdn.pixabay.com/photo/2015/10/05/22/37/blank-profile-picture-973460_1280.png,
Jack Buck,https://cdn.pixabay.com/photo/2015/10/05/22/37/blank-profile-picture-973460_1280.png,
Jack Canfield,https://cdn.pixabay.com/photo/2015/10/05/22/37/blank-profile-picture-973460_1280.png,
Jack Dixon,https://cdn.pixabay.com/photo/2015/10/05/22/37/blank-profile-picture-973460_1280.png,
Jacob Braude,https://cdn.pixabay.com/photo/2015/10/05/22/37/blank-profile-picture-973460_1280.png,
James Barrie,https://cdn.pixabay.com/photo/2015/10/05/22/37/blank-profile-picture-973460_1280.png,
James Faust,https://cdn.pixabay.com/photo/2015/10/05/22/37/blank-profile-picture-973460_1280.png,
James Freeman Clarke,https://cdn.pixabay.com/photo/2015/10/05/22/37/blank-profile-picture-973460_1280.png,
James Lowell,https://cdn.pixabay.com/photo/2015/10/05/22/37/blank-profile-picture-973460_1280.png,
James Openheim,https://cdn.pixabay.com/photo/2015/10/05/22/37/blank-profile-picture-973460_1280.png,
James Oppenheim,https://cdn.pixabay.com/photo/2015/10/05/22/37/blank-profile-picture-973460_1280.png,
James Pence,https://cdn.pixabay.com/photo/2015/10/05/22/37/blank-profile-picture-973460_1280.png,
James Yorke,https://cdn.pixabay.com/photo/2015/10/05/22/37/blank-profile-picture-973460_1280.png,
Jamie Paolinetti,https://cdn.pixabay.com/photo/2015/10/05/22/37/blank-profile-picture-973460_1280.png,
Jane Addams,https://cdn.pixabay.com/photo/2015/10/05/22/37/blank-profile-picture-973460_1280.png,
Jane Roberts,https://cdn.pixabay.com/photo/2015/10/05/22/37/blank-profile-picture-973460_1280.png,
Janis Joplin,https://cdn.pixabay.com/photo/2015/10/05/22/37/blank-profile-picture-973460_1280.png,
Japanese proverb,https://cdn.pixabay.com/photo/2015/10/05/22/37/blank-profile-picture-973460_1280.png,
Jason Fried,https://cdn.pixabay.com/photo/2015/10/05/22/37/blank-profile-picture-973460_1280.png,
Jawaharlal Nehru,https://cdn.pixabay.com/photo/2015/10/05/22/37/blank-profile-picture-973460_1280.png,
Jean de la Bruyere,https://cdn.pixabay.com/photo/2015/10/05/22/37/blank-profile-picture-973460_1280.png,
Jean de la Fontaine,https://cdn.pixabay.com/photo/2015/10/05/22/37/blank-profile-picture-973460_1280.png,
Jean Lacordaire,https://cdn.pixabay.com/photo/2015/10/05/22/37/blank-profile-picture-973460_1280.png,
Jean-Paul Sartre,https://cdn.pixabay.com/photo/2015/10/05/22/37/blank-profile-picture-973460_1280.png,
Jessamyn West,https://cdn.pixabay.com/photo/2015/10/05/22/37/blank-profile-picture-973460_1280.png,
Jim Beggs,https://cdn.pixabay.com/photo/2015/10/05/22/37/blank-profile-picture-973460_1280.png,
Jim Bishop,https://cdn.pixabay.com/photo/2015/10/05/22/37/blank-profile-picture-973460_1280.png,
Jim Rohn,https://cdn.pixabay.com/photo/2015/10/05/22/37/blank-profile-picture-973460_1280.png,
Jimmy Dean,https://cdn.pixabay.com/photo/2015/10/05/22/37/blank-profile-picture-973460_1280.png,
Joan Didion,https://cdn.pixabay.com/photo/2015/10/05/22/37/blank-profile-picture-973460_1280.png,
Joe Namath,https://cdn.pixabay.com/photo/2015/10/05/22/37/blank-profile-picture-973460_1280.png,
Joe Paterno,https://cdn.pixabay.com/photo/2015/10/05/22/37/blank-profile-picture-973460_1280.png,
Johann Wolfgang von Goethe,https://cdn.pixabay.com/photo/2015/10/05/22/37/blank-profile-picture-973460_1280.png,
Johannes Gaertner,https://cdn.pixabay.com/photo/2015/10/05/22/37/blank-profile-picture-973460_1280.png,
John Acosta,https://cdn.pixabay.com/photo/2015/10/05/22/37/blank-profile-picture-973460_1280.png,
John Adams,https://cdn.pixabay.com/photo/2015/10/05/22/37/blank-profile-picture-973460_1280.png,
John Astin,https://cdn.pixabay.com/photo/2015/10/05/22/37/blank-profile-picture-973460_1280.png,
John Barrymore,https://cdn.pixabay.com/photo/2015/10/05/22/37/blank-profile-picture-973460_1280.png,
John Berry,https://cdn.pixabay.com/photo/2015/10/05/22/37/blank-profile-picture-973460_1280.png,
John Cleese,https://cdn.pixabay.com/photo/2015/10/05/22/37/blank-profile-picture-973460_1280.png,
John De Paola,https://cdn.pixabay.com/photo/2015/10/05/22/37/blank-profile-picture-973460_1280.png,
John Dewey,https://cdn.pixabay.com/photo/2015/10/05/22/37/blank-profile-picture-973460_1280.png,
John Dryden,https://cdn.pixabay.com/photo/2015/10/05/22/37/blank-profile-picture-973460_1280.png,
John Eliot,https://cdn.pixabay.com/photo/2015/10/05/22/37/blank-profile-picture-973460_1280.png,
John F. Kennedy,https://cdn.pixabay.com/photo/2015/10/05/22/37/blank-profile-picture-973460_1280.png,
John Holmes,https://cdn.pixabay.com/photo/2015/10/05/22/37/blank-profile-picture-973460_1280.png,
John Junor,https://cdn.pixabay.com/photo/2015/10/05/22/37/blank-profile-picture-973460_1280.png,
John Kennedy,https://cdn.pixabay.com/photo/2015/10/05/22/37/blank-profile-picture-973460_1280.png,
John Lennon,https://cdn.pixabay.com/photo/2015/10/05/22/37/blank-profile-picture-973460_1280.png,
John Locke,https://cdn.pixabay.com/photo/2015/10/05/22/37/blank-profile-picture-973460_1280.png,
John Lubbock,https://cdn.pixabay.com/photo/2015/10/05/22/37/blank-profile-picture-973460_1280.png,
John Marshall,https://cdn.pixabay.com/photo/2015/10/05/22/37/blank-profile-picture-973460_1280.png,
John Muir,https://cdn.pixabay.com/photo/2015/10/05/22/37/blank-profile-picture-973460_1280.png,
John Petit-Senn,https://cdn.pixabay.com/photo/2015/10/05/22/37/blank-profile-picture-973460_1280.png,
John Pierrakos,https://cdn.pixabay.com/photo/2015/10/05/22/37/blank-profile-picture-973460_1280.png,
John Powell,https://cdn.pixabay.com/photo/2015/10/05/22/37/blank-profile-picture-973460_1280.png,
John Quincy Adams,https://cdn.pixabay.com/photo/2015/10/05/22/37/blank-profile-picture-973460_1280.png,
John Ruskin,https://cdn.pixabay.com/photo/2015/10/05/22/37/blank-profile-picture-973460_1280.png,
John Simone,https://cdn.pixabay.com/photo/2015/10/05/22/37/blank-profile-picture-973460_1280.png,
John Steinbeck,https://cdn.pixabay.com/photo/2015/10/05/22/37/blank-profile-picture-973460_1280.png,
John Updike,https://cdn.pixabay.com/photo/2015/10/05/22/37/blank-profile-picture-973460_1280.png,
John Wooden,https://cdn.pixabay.com/photo/2015/10/05/22/37/blank-profile-picture-973460_1280.png,
Jon Kabat-Zinn,https://cdn.pixabay.com/photo/2015/10/05/22/37/blank-profile-picture-973460_1280.png,
Jonas Salk,https://cdn.pixabay.com/photo/2015/10/05/22/37/blank-profile-picture-973460_1280.png,
Jonathan Kozol,https://cdn.pixabay.com/photo/2015/10/05/22/37/blank-profile-picture-973460_1280.png,
Jonathan Swift,https://cdn.pixabay.com/photo/2015/10/05/22/37/blank-profile-picture-973460_1280.png,
Joseph Campbell,https://cdn.pixabay.com/photo/2015/10/05/22/37/blank-profile-picture-973460_1280.png,
Joseph Chilton Pearce,https://cdn.pixabay.com/photo/2015/10/05/22/37/blank-profile-picture-973460_1280.png,
Joseph Joubert,https://cdn.pixabay.com/photo/2015/10/05/22/37/blank-profile-picture-973460_1280.png,
Joseph Roux,https://cdn.pixabay.com/photo/2015/10/05/22/37/blank-profile-picture-973460_1280.png,
Joseph Stalin,https://cdn.pixabay.com/photo/2015/10/05/22/37/blank-profile-picture-973460_1280.png,
Joyce Brothers,https://cdn.pixabay.com/photo/2015/10/05/22/37/blank-profile-picture-973460_1280.png,
Jules Poincare,https://cdn.pixabay.com/photo/2015/10/05/22/37/blank-profile-picture-973460_1280.png,
Julie Morgenstern,https://cdn.pixabay.com/photo/2015/10/05/22/37/blank-profile-picture-973460_1280.png,
Julius Charles Hare,https://cdn.pixabay.com/photo/2015/10/05/22/37/blank-profile-picture-973460_1280.png,
Kahlil Gibran,https://cdn.pixabay.com/photo/2015/10/05/22/37/blank-profile-picture-973460_1280.png,
Karen Clark,https://cdn.pixabay.com/photo/2015/10/05/22/37/blank-profile-picture-973460_1280.png,
Katherine Mansfield,https://cdn.pixabay.com/photo/2015/10/05/22/37/blank-profile-picture-973460_1280.png,
Kathleen Norris,https://cdn.pixabay.com/photo/2015/10/05/22/37/blank-profile-picture-973460_1280.png,
Ken Robinson,https://cdn.pixabay.com/photo/2015/10/05/22/37/blank-profile-picture-973460_1280.png,
Ken S. Keyes,https://cdn.pixabay.com/photo/2015/10/05/22/37/blank-profile-picture-973460_1280.png,
Kenji Miyazawa,https://cdn.pixabay.com/photo/2015/10/05/22/37/blank-profile-picture-973460_1280.png,
Kenneth Patton,https://cdn.pixabay.com/photo/2015/10/05/22/37/blank-profile-picture-973460_1280.png,
Keshavan Nair,https://cdn.pixabay.com/photo/2015/10/05/22/37/blank-profile-picture-973460_1280.png,
Kin Hubbard,https://cdn.pixabay.com/photo/2015/10/05/22/37/blank-profile-picture-973460_1280.png,
Korean proverb,https://cdn.pixabay.com/photo/2015/10/05/22/37/blank-profile-picture-973460_1280.png,
Lama Yeshe,https://cdn.pixabay.com/photo/2015/10/05/22/37/blank-profile-picture-973460_1280.png,
Lao Tzu,https://cdn.pixabay.com/photo/2015/10/05/22/37/blank-profile-picture-973460_1280.png,
Lao-Tzu,https://cdn.pixabay.com/photo/2015/10/05/22/37/blank-profile-picture-973460_1280.png,
Laozi,https://cdn.pixabay.com/photo/2015/10/05/22/37/blank-profile-picture-973460_1280.png,
Larry Elder,https://cdn.pixabay.com/photo/2015/10/05/22/37/blank-profile-picture-973460_1280.png,
Laura Teresa Marquez,https://cdn.pixabay.com/photo/2015/10/05/22/37/blank-profile-picture-973460_1280.png,
Lauren Bacall,https://cdn.pixabay.com/photo/2015/10/05/22/37/blank-profile-picture-973460_1280.png,
Lauren Raffo,https://cdn.pixabay.com/photo/2015/10/05/22/37/blank-profile-picture-973460_1280.png,
Laurence J. Peter,https://cdn.pixabay.com/photo/2015/10/05/22/37/blank-profile-picture-973460_1280.png,
Lawrence Peter,https://cdn.pixabay.com/photo/2015/10/05/22/37/blank-profile-picture-973460_1280.png,
Lazurus Long,https://cdn.pixabay.com/photo/2015/10/05/22/37/blank-profile-picture-973460_1280.png,
Lee Mildon,https://cdn.pixabay.com/photo/2015/10/05/22/37/blank-profile-picture-973460_1280.png,
Lee Womack,https://cdn.pixabay.com/photo/2015/10/05/22/37/blank-profile-picture-973460_1280.png,
Lena Horne,https://cdn.pixabay.com/photo/2015/10/05/22/37/blank-profile-picture-973460_1280.png,
Leo Aikman,https://cdn.pixabay.com/photo/2015/10/05/22/37/blank-profile-picture-973460_1280.png,
Leo Buscaglia,https://cdn.pixabay.com/photo/2015/10/05/22/37/blank-profile-picture-973460_1280.png,
Leo F. Buscaglia,https://cdn.pixabay.com/photo/2015/10/05/22/37/blank-profile-picture-973460_1280.png,
Leo Tolstoy,https://cdn.pixabay.com/photo/2015/10/05/22/37/blank-profile-picture-973460_1280.png,
Leon Blum,https://cdn.pixabay.com/photo/2015/10/05/22/37/blank-profile-picture-973460_1280.png,
Leonardo da Vinci,https://cdn.pixabay.com/photo/2015/10/05/22/37/blank-profile-picture-973460_1280.png,
Leonardo Ruiz,https://cdn.pixabay.com/photo/2015/10/05/22/37/blank-profile-picture-973460_1280.png,
Les Brown,https://cdn.pixabay.com/photo/2015/10/05/22/37/blank-profile-picture-973460_1280.png,
Lewis B. Smedes,https://cdn.pixabay.com/photo/2015/10/05/22/37/blank-profile-picture-973460_1280.png,
Lewis Cass,https://cdn.pixabay.com/photo/2015/10/05/22/37/blank-profile-picture-973460_1280.png,
Liberace,https://cdn.pixabay.com/photo/2015/10/05/22/37/blank-profile-picture-973460_1280.png,
Lily Tomlin,https://cdn.pixabay.com/photo/2015/10/05/22/37/blank-profile-picture-973460_1280.png,
Lin Yutang,https://cdn.pixabay.com/photo/2015/10/05/22/37/blank-profile-picture-973460_1280.png,
Linda Hogan,https://cdn.pixabay.com/photo/2015/10/05/22/37/blank-profile-picture-973460_1280.png,
Lin-yutang,https://cdn.pixabay.com/photo/2015/10/05/22/37/blank-profile-picture-973460_1280.png,
Lisa Alther,https://cdn.pixabay.com/photo/2015/10/05/22/37/blank-profile-picture-973460_1280.png,
Lloyd Jones,https://cdn.pixabay.com/photo/2015/10/05/22/37/blank-profile-picture-973460_1280.png,
Lord Herbert,https://cdn.pixabay.com/photo/2015/10/05/22/37/blank-profile-picture-973460_1280.png,
Lou Holtz,https://cdn.pixabay.com/photo/2015/10/05/22/37/blank-profile-picture-973460_1280.png,
Louis Pasteur,https://cdn.pixabay.com/photo/2015/10/05/22/37/blank-profile-picture-973460_1280.png,
Louisa Alcott,https://cdn.pixabay.com/photo/2015/10/05/22/37/blank-profile-picture-973460_1280.png,
Louise Hay,https://cdn.pixabay.com/photo/2015/10/05/22/37/blank-profile-picture-973460_1280.png,
Lucille Ball,https://cdn.pixabay.com/photo/2015/10/05/22/37/blank-profile-picture-973460_1280.png,
Luisa Sigea,https://cdn.pixabay.com/photo/2015/10/05/22/37/blank-profile-picture-973460_1280.png,
Lululemon,https://cdn.pixabay.com/photo/2015/10/05/22/37/blank-profile-picture-973460_1280.png,
M. Scott Peck,https://cdn.pixabay.com/photo/2015/10/05/22/37/blank-profile-picture-973460_1280.png,
Mabel Newcomber,https://cdn.pixabay.com/photo/2015/10/05/22/37/blank-profile-picture-973460_1280.png,
Madame de Stael,https://cdn.pixabay.com/photo/2015/10/05/22/37/blank-profile-picture-973460_1280.png,
Mahatma Gandhi,https://cdn.pixabay.com/photo/2015/10/05/22/37/blank-profile-picture-973460_1280.png,
Mahummad Ali,https://cdn.pixabay.com/photo/2015/10/05/22/37/blank-profile-picture-973460_1280.png,
Mal Pancoast,https://cdn.pixabay.com/photo/2015/10/05/22/37/blank-profile-picture-973460_1280.png,
Malcolm X,https://cdn.pixabay.com/photo/2015/10/05/22/37/blank-profile-picture-973460_1280.png,
Man Ray,https://cdn.pixabay.com/photo/2015/10/05/22/37/blank-profile-picture-973460_1280.png,
Manuel Puig,https://cdn.pixabay.com/photo/2015/10/05/22/37/blank-profile-picture-973460_1280.png,
Maori proverb,https://cdn.pixabay.com/photo/2015/10/05/22/37/blank-profile-picture-973460_1280.png,
Marcel Proust,https://cdn.pixabay.com/photo/2015/10/05/22/37/blank-profile-picture-973460_1280.png,
Marcus Aurelius,https://cdn.pixabay.com/photo/2015/10/05/22/37/blank-profile-picture-973460_1280.png,
Margaret Bonnano,https://cdn.pixabay.com/photo/2015/10/05/22/37/blank-profile-picture-973460_1280.png,
Margaret Cousins,https://cdn.pixabay.com/photo/2015/10/05/22/37/blank-profile-picture-973460_1280.png,
Margaret Fuller,https://cdn.pixabay.com/photo/2015/10/05/22/37/blank-profile-picture-973460_1280.png,
Margaret Laurence,https://cdn.pixabay.com/photo/2015/10/05/22/37/blank-profile-picture-973460_1280.png,
Margaret Mead,https://cdn.pixabay.com/photo/2015/10/05/22/37/blank-profile-picture-973460_1280.png,
Margaret Runbeck,https://cdn.pixabay.com/photo/2015/10/05/22/37/blank-profile-picture-973460_1280.png,
Margaret Sangster,https://cdn.pixabay.com/photo/2015/10/05/22/37/blank-profile-picture-973460_1280.png,
Margaret Smith,https://cdn.pixabay.com/photo/2015/10/05/22/37/blank-profile-picture-973460_1280.png,
Margaret Wheatley,https://cdn.pixabay.com/photo/2015/10/05/22/37/blank-profile-picture-973460_1280.png,
Marian Edelman,https://cdn.pixabay.com/photo/2015/10/05/22/37/blank-profile-picture-973460_1280.png,
Marianne Williamson,https://cdn.pixabay.com/photo/2015/10/05/22/37/blank-profile-picture-973460_1280.png,
Marie Curie,https://cdn.pixabay.com/photo/2015/10/05/22/37/blank-profile-picture-973460_1280.png,
Mark Twain,https://cdn.pixabay.com/photo/2015/10/05/22/37/blank-profile-picture-973460_1280.png,
Marquis Vauvenargues,https://cdn.pixabay.com/photo/2015/10/05/22/37/blank-profile-picture-973460_1280.png,
Marsha Petrie Sue,https://cdn.pixabay.com/photo/2015/10/05/22/37/blank-profile-picture-973460_1280.png,
Martha Washington,https://cdn.pixabay.com/photo/2015/10/05/22/37/blank-profile-picture-973460_1280.png,
Martin Fischer,https://cdn.pixabay.com/photo/2015/10/05/22/37/blank-profile-picture-973460_1280.png,
Martin Luther,https://cdn.pixabay.com/photo/2015/10/05/22/37/blank-profile-picture-973460_1280.png,
"Martin Luther King, Jr.",https://cdn.pixabay.com/photo/2015/10/05/22/37/blank-profile-picture-973460_1280.png,
Mary Almanac,https://cdn.pixabay.com/photo/2015/10/05/22/37/blank-profile-picture-973460_1280.png,
Mary Bethune,https://cdn.pixabay.com/photo/2015/10/05/22/37/blank-profile-picture-973460_1280.png,
Mary Kay Ash,https://cdn.pixabay.com/photo/2015/10/05/22/37/blank-profile-picture-973460_1280.png,
Mary Morrissey,https://cdn.pixabay.com/photo/2015/10/05/22/37/blank-profile-picture-973460_1280.png,
Mary Parrish,https://cdn.pixabay.com/photo/2015/10/05/22/37/blank-profile-picture-973460_1280.png,
Mary Pickford,https://cdn.pixabay.com/photo/2015/10/05/22/37/blank-profile-picture-973460_1280.png,
Mary Wollstonecraft,https://cdn.pixabay.com/photo/2015/10/05/22/37/blank-profile-picture-973460_1280.png,
Matt Zotti,https://cdn.pixabay.com/photo/2015/10/05/22/37/blank-profile-picture-973460_1280.png,
Maureen Dowd,https://cdn.pixabay.com/photo/2015/10/05/22/37/blank-profile-picture-973460_1280.png,
Max Planck,https://cdn.pixabay.com/photo/2015/10/05/22/37/blank-profile-picture-973460_1280.png,
May Sarton,https://cdn.pixabay.com/photo/2015/10/05/22/37/blank-profile-picture-973460_1280.png,
Maya Angelou,https://cdn.pixabay.com/photo/2015/10/05/22/37/blank-profile-picture-973460_1280.png,
Maya Lin,https://cdn.pixabay.com/photo/2015/10/05/22/37/blank-profile-picture-973460_1280.png,
Melody Beattie,https://cdn.pixabay.com/photo/2015/10/05/22/37/blank-profile-picture-973460_1280.png,
Michael Burke,https://cdn.pixabay.com/photo/2015/10/05/22/37/blank-profile-picture-973460_1280.png,
Michael Jordan,https://cdn.pixabay.com/photo/2015/10/05/22/37/blank-profile-picture-973460_1280.png,
Michael Korda,https://cdn.pixabay.com/photo/2015/10/05/22/37/blank-profile-picture-973460_1280.png,
Michael Vance,https://cdn.pixabay.com/photo/2015/10/05/22/37/blank-profile-picture-973460_1280.png,
Michel de Montaigne,https://cdn.pixabay.com/photo/2015/10/05/22/37/blank-profile-picture-973460_1280.png,
Michelangelo,https://cdn.pixabay.com/photo/2015/10/05/22/37/blank-profile-picture-973460_1280.png,
Mike Ditka,https://cdn.pixabay.com/photo/2015/10/05/22/37/blank-profile-picture-973460_1280.png,
Mohandas Gandhi,https://cdn.pixabay.com/photo/2015/10/05/22/37/blank-profile-picture-973460_1280.png,
Moliere,https://cdn.pixabay.com/photo/2015/10/05/22/37/blank-profile-picture-973460_1280.png,
Moncure Conway,https://cdn.pixabay.com/photo/2015/10/05/22/37/blank-profile-picture-973460_1280.png,
Morris West,https://cdn.pixabay.com/photo/2015/10/05/22/37/blank-profile-picture-973460_1280.png,
Mortimer Adler,https://cdn.pixabay.com/photo/2015/10/05/22/37/blank-profile-picture-973460_1280.png,
Mother Teresa,https://cdn.pixabay.com/photo/2015/10/05/22/37/blank-profile-picture-973460_1280.png,
Muriel Rukeyser,https://cdn.pixabay.com/photo/2015/10/05/22/37/blank-profile-picture-973460_1280.png,
Murray Gell-Mann,https://cdn.pixabay.com/photo/2015/10/05/22/37/blank-profile-picture-973460_1280.png,
Naguib Mahfouz,https://cdn.pixabay.com/photo/2015/10/05/22/37/blank-profile-picture-973460_1280.png,
Naomi Williams,https://cdn.pixabay.com/photo/2015/10/05/22/37/blank-profile-picture-973460_1280.png,
Napoleon Bonaparte,https://cdn.pixabay.com/photo/2015/10/05/22/37/blank-profile-picture-973460_1280.png,
Napoleon Hill,https://cdn.pixabay.com/photo/2015/10/05/22/37/blank-profile-picture-973460_1280.png,
Nathaniel Hawthorne,https://cdn.pixabay.com/photo/2015/10/05/22/37/blank-profile-picture-973460_1280.png,
Nelson Mandela,https://cdn.pixabay.com/photo/2015/10/05/22/37/blank-profile-picture-973460_1280.png,
Niccolo Machiavelli,https://cdn.pixabay.com/photo/2015/10/05/22/37/blank-profile-picture-973460_1280.png,
Niels Bohr,https://cdn.pixabay.com/photo/2015/10/05/22/37/blank-profile-picture-973460_1280.png,
Nietzsche,https://cdn.pixabay.com/photo/2015/10/05/22/37/blank-profile-picture-973460_1280.png,
Nikola Tesla,https://cdn.pixabay.com/photo/2015/10/05/22/37/blank-profile-picture-973460_1280.png,
Nikos Kazantzakis,https://cdn.pixabay.com/photo/2015/10/05/22/37/blank-profile-picture-973460_1280.png,
Nora Roberts,https://cdn.pixabay.com/photo/2015/10/05/22/37/blank-profile-picture-973460_1280.png,
Norman Cousins,https://cdn.pixabay.com/photo/2015/10/05/22/37/blank-profile-picture-973460_1280.png,
Norman Peale,https://cdn.pixabay.com/photo/2015/10/05/22/37/blank-profile-picture-973460_1280.png,
Norman Schwarzkopf,https://cdn.pixabay.com/photo/2015/10/05/22/37/blank-profile-picture-973460_1280.png,
Norman Vincent Peale,https://cdn.pixabay.com/photo/2015/10/05/22/37/blank-profile-picture-973460_1280.png,
Og Mandino,https://cdn.pixabay.com/photo/2015/10/05/22/37/blank-profile-picture-973460_1280.png,
Old German proverb,https://cdn.pixabay.com/photo/2015/10/05/22/37/blank-profile-picture-973460_1280.png,
Oliver Holmes,https://cdn.pixabay.com/photo/2015/10/05/22/37/blank-profile-picture-973460_1280.png,
"Oliver Wendell Holmes, Sr.",https://cdn.pixabay.com/photo/2015/10/05/22/37/blank-profile-picture-973460_1280.png,
Oprah Winfrey,https://cdn.pixabay.com/photo/2015/10/05/22/37/blank-profile-picture-973460_1280.png,
Orison Marden,https://cdn.pixabay.com/photo/2015/10/05/22/37/blank-profile-picture-973460_1280.png,
Oscar Wilde,https://cdn.pixabay.com/photo/2015/10/05/22/37/blank-profile-picture-973460_1280.png,
Ovid,https://cdn.pixabay.com/photo/2015/10/05/22/37/blank-profile-picture-973460_1280.png,
Paavo Nurmi,https://cdn.pixabay.com/photo/2015/10/05/22/37/blank-profile-picture-973460_1280.png,
Pablo Picasso,https://cdn.pixabay.com/photo/2015/10/05/22/37/blank-profile-picture-973460_1280.png,
Pat Riley,https://cdn.pixabay.com/photo/2015/10/05/22/37/blank-profile-picture-973460_1280.png,
Paul Boese,https://cdn.pixabay.com/photo/2015/10/05/22/37/blank-profile-picture-973460_1280.png,
Paul Cezanne,https://cdn.pixabay.com/photo/2015/10/05/22/37/blank-profile-picture-973460_1280.png,
Paul Graham,https://cdn.pixabay.com/photo/2015/10/05/22/37/blank-profile-picture-973460_1280.png,
Paul Tillich,https://cdn.pixabay.com/photo/2015/10/05/22/37/blank-profile-picture-973460_1280.png,
Paulo Coelho,https://cdn.pixabay.com/photo/2015/10/05/22/37/blank-profile-picture-973460_1280.png,
Pearl Buck,https://cdn.pixabay.com/photo/2015/10/05/22/37/blank-profile-picture-973460_1280.png,
Pema Chodron,https://cdn.pixabay.com/photo/2015/10/05/22/37/blank-profile-picture-973460_1280.png,
Percy Shelley,https://cdn.pixabay.com/photo/2015/10/05/22/37/blank-profile-picture-973460_1280.png,
Pericles,https://cdn.pixabay.com/photo/2015/10/05/22/37/blank-profile-picture-973460_1280.png,
Peter Drucker,https://cdn.pixabay.com/photo/2015/10/05/22/37/blank-profile-picture-973460_1280.png,
Peter Elbow,https://cdn.pixabay.com/photo/2015/10/05/22/37/blank-profile-picture-973460_1280.png,
Philip Breedveld,https://cdn.pixabay.com/photo/2015/10/05/22/37/blank-profile-picture-973460_1280.png,
Philip Sidney,https://cdn.pixabay.com/photo/2015/10/05/22/37/blank-profile-picture-973460_1280.png,
Pierre Abelard,https://cdn.pixabay.com/photo/2015/10/05/22/37/blank-profile-picture-973460_1280.png,
Pierre Auguste Renoir,https://cdn.pixabay.com/photo/2015/10/05/22/37/blank-profile-picture-973460_1280.png,
Plato,https://cdn.pixabay.com/photo/2015/10/05/22/37/blank-profile-picture-973460_1280.png,
Plotinus,https://cdn.pixabay.com/photo/2015/10/05/22/37/blank-profile-picture-973460_1280.png,
Plutarch,https://cdn.pixabay.com/photo/2015/10/05/22/37/blank-profile-picture-973460_1280.png,
Princess Diana,https://cdn.pixabay.com/photo/2015/10/05/22/37/blank-profile-picture-973460_1280.png,
Publilius Syrus,https://cdn.pixabay.com/photo/2015/10/05/22/37/blank-profile-picture-973460_1280.png,
Rabbi Hillel,https://cdn.pixabay.com/photo/2015/10/05/22/37/blank-profile-picture-973460_1280.png,
Rabindranath Tagore,https://cdn.pixabay.com/photo/2015/10/05/22/37/blank-profile-picture-973460_1280.png,
Rachel Carson,https://cdn.pixabay.com/photo/2015/10/05/22/37/blank-profile-picture-973460_1280.png,
Rahul Dravid,https://cdn.pixabay.com/photo/2015/10/05/22/37/blank-profile-picture-973460_1280.png,
Rainer Maria Rilke,https://cdn.pixabay.com/photo/2015/10/05/22/37/blank-profile-picture-973460_1280.png,
Ralph Blum,https://cdn.pixabay.com/photo/2015/10/05/22/37/blank-profile-picture-973460_1280.png,
Ralph Emerson,https://cdn.pixabay.com/photo/2015/10/05/22/37/blank-profile-picture-973460_1280.png,
Ralph Marston,https://cdn.pixabay.com/photo/2015/10/05/22/37/blank-profile-picture-973460_1280.png,
Ralph Waldo Emerson,https://cdn.pixabay.com/photo/2015/10/05/22/37/blank-profile-picture-973460_1280.png,
Ray Bradbury,https://cdn.pixabay.com/photo/2015/10/05/22/37/blank-profile-picture-973460_1280.png,
Remez Sasson,https://cdn.pixabay.com/photo/2015/10/05/22/37/blank-profile-picture-973460_1280.png,
Rene Descartes,https://cdn.pixabay.com/photo/2015/10/05/22/37/blank-profile-picture-973460_1280.png,
Richard Bach,https://cdn.pixabay.com/photo/2015/10/05/22/37/blank-profile-picture-973460_1280.png,
Richard Braunstein,https://cdn.pixabay.com/photo/2015/10/05/22/37/blank-profile-picture-973460_1280.png,
Richard Evans,https://cdn.pixabay.com/photo/2015/10/05/22/37/blank-profile-picture-973460_1280.png,
Richard Feynman,https://cdn.pixabay.com/photo/2015/10/05/22/37/blank-profile-picture-973460_1280.png,
Richard Garriott,https://cdn.pixabay.com/photo/2015/10/05/22/37/blank-profile-picture-973460_1280.png,
Richard Needham,https://cdn.pixabay.com/photo/2015/10/05/22/37/blank-profile-picture-973460_1280.png,
Richard Whately,https://cdn.pixabay.com/photo/2015/10/05/22/37/blank-profile-picture-973460_1280.png,
Rita Mae Brown,https://cdn.pixabay.com/photo/2015/10/05/22/37/blank-profile-picture-973460_1280.png,
Robert Anthony,https://cdn.pixabay.com/photo/2015/10/05/22/37/blank-profile-picture-973460_1280.png,
Robert Brault,https://cdn.pixabay.com/photo/2015/10/05/22/37/blank-profile-picture-973460_1280.png,
Robert C. Solomon,https://cdn.pixabay.com/photo/2015/10/05/22/37/blank-profile-picture-973460_1280.png,
Robert Frost,https://cdn.pixabay.com/photo/2015/10/05/22/37/blank-profile-picture-973460_1280.png,
Robert Fulghum,https://cdn.pixabay.com/photo/2015/10/05/22/37/blank-profile-picture-973460_1280.png,
Robert Graves,https://cdn.pixabay.com/photo/2015/10/05/22/37/blank-profile-picture-973460_1280.png,
Robert Heller,https://cdn.pixabay.com/photo/2015/10/05/22/37/blank-profile-picture-973460_1280.png,
Robert Kennedy,https://cdn.pixabay.com/photo/2015/10/05/22/37/blank-profile-picture-973460_1280.png,
Robert Louis Stevenson,https://cdn.pixabay.com/photo/2015/10/05/22/37/blank-profile-picture-973460_1280.png,
Robert Lynd,https://cdn.pixabay.com/photo/2015/10/05/22/37/blank-profile-picture-973460_1280.png,
Robert M. Pirsig,https://cdn.pixabay.com/photo/2015/10/05/22/37/blank-profile-picture-973460_1280.png,
Robert McKain,https://cdn.pixabay.com/photo/2015/10/05/22/37/blank-profile-picture-973460_1280.png,
Robert Orben,https://cdn.pixabay.com/photo/2015/10/05/22/37/blank-profile-picture-973460_1280.png,
Robert Pirsig,https://cdn.pixabay.com/photo/2015/10/05/22/37/blank-profile-picture-973460_1280.png,
Robert Schuller,https://cdn.pixabay.com/photo/2015/10/05/22/37/blank-profile-picture-973460_1280.png,
Robert Southey,https://cdn.pixabay.com/photo/2015/10/05/22/37/blank-profile-picture-973460_1280.png,
Robert Stevenson,https://cdn.pixabay.com/photo/2015/10/05/22/37/blank-profile-picture-973460_1280.png,
Rodin,https://cdn.pixabay.com/photo/2015/10/05/22/37/blank-profile-picture-973460_1280.png,
Rudolf Arnheim,https://cdn.pixabay.com/photo/2015/10/05/22/37/blank-profile-picture-973460_1280.png,
Rumi,https://cdn.pixabay.com/photo/2015/10/05/22/37/blank-profile-picture-973460_1280.png,
Sai Baba,https://cdn.pixabay.com/photo/2015/10/05/22/37/blank-profile-picture-973460_1280.png,
Saint Augustine,https://cdn.pixabay.com/photo/2015/10/05/22/37/blank-profile-picture-973460_1280.png,
Salman Rushdie,https://cdn.pixabay.com/photo/2015/10/05/22/37/blank-profile-picture-973460_1280.png,
Sam Keen,https://cdn.pixabay.com/photo/2015/10/05/22/37/blank-profile-picture-973460_1280.png,
Sam Levenson,https://cdn.pixabay.com/photo/2015/10/05/22/37/blank-profile-picture-973460_1280.png,
Sam Rayburn,https://cdn.pixabay.com/photo/2015/10/05/22/37/blank-profile-picture-973460_1280.png,
Samuel Johnson,https://cdn.pixabay.com/photo/2015/10/05/22/37/blank-profile-picture-973460_1280.png,
Samuel Taylor Coleridge,https://cdn.pixabay.com/photo/2015/10/05/22/37/blank-profile-picture-973460_1280.png,
Sarah Breathnach,https://cdn.pixabay.com/photo/2015/10/05/22/37/blank-profile-picture-973460_1280.png,
Satchel Paige,https://cdn.pixabay.com/photo/2015/10/05/22/37/blank-profile-picture-973460_1280.png,
Satya Nadella,https://cdn.pixabay.com/photo/2015/10/05/22/37/blank-profile-picture-973460_1280.png,
Saul Alinsky,https://cdn.pixabay.com/photo/2015/10/05/22/37/blank-profile-picture-973460_1280.png,
Seneca,https://cdn.pixabay.com/photo/2015/10/05/22/37/blank-profile-picture-973460_1280.png,
Shakti Gawain,https://cdn.pixabay.com/photo/2015/10/05/22/37/blank-profile-picture-973460_1280.png,
Shannon L. Alder,https://cdn.pixabay.com/photo/2015/10/05/22/37/blank-profile-picture-973460_1280.png,
Sheldon Kopp,https://cdn.pixabay.com/photo/2015/10/05/22/37/blank-profile-picture-973460_1280.png,
Shunryu Suzuki,https://cdn.pixabay.com/photo/2015/10/05/22/37/blank-profile-picture-973460_1280.png,
Sigmund Freud,https://cdn.pixabay.com/photo/2015/10/05/22/37/blank-profile-picture-973460_1280.png,
Simone Weil,https://cdn.pixabay.com/photo/2015/10/05/22/37/blank-profile-picture-973460_1280.png,
Sinvyest Tan,https://cdn.pixabay.com/photo/2015/10/05/22/37/blank-profile-picture-973460_1280.png,
Socrates,https://cdn.pixabay.com/photo/2015/10/05/22/37/blank-profile-picture-973460_1280.png,
Sogyal Rinpoche,https://cdn.pixabay.com/photo/2015/10/05/22/37/blank-profile-picture-973460_1280.png,
Sojourner Truth,https://cdn.pixabay.com/photo/2015/10/05/22/37/blank-profile-picture-973460_1280.png,
Sophia Loren,https://cdn.pixabay.com/photo/2015/10/05/22/37/blank-profile-picture-973460_1280.png,
Sophocles,https://cdn.pixabay.com/photo/2015/10/05/22/37/blank-profile-picture-973460_1280.png,
Soren Kierkegaard,https://cdn.pixabay.com/photo/2015/10/05/22/37/blank-profile-picture-973460_1280.png,
Søren Kierkegaard,https://cdn.pixabay.com/photo/2015/10/05/22/37/blank-profile-picture-973460_1280.png,
Sri Chinmoy,https://cdn.pixabay.com/photo/2015/10/05/22/37/blank-profile-picture-973460_1280.png,
St. Augustine,https://cdn.pixabay.com/photo/2015/10/05/22/37/blank-profile-picture-973460_1280.png,
Stephen Covey,https://cdn.pixabay.com/photo/2015/10/05/22/37/blank-profile-picture-973460_1280.png,
Stephen Kaggwa,https://cdn.pixabay.com/photo/2015/10/05/22/37/blank-profile-picture-973460_1280.png,
Stephen Sigmund,https://cdn.pixabay.com/photo/2015/10/05/22/37/blank-profile-picture-973460_1280.png,
Steve Jobs,https://cdn.pixabay.com/photo/2015/10/05/22/37/blank-profile-picture-973460_1280.png,
Sue Grafton,https://cdn.pixabay.com/photo/2015/10/05/22/37/blank-profile-picture-973460_1280.png,
Sue Patton Thoele,https://cdn.pixabay.com/photo/2015/10/05/22/37/blank-profile-picture-973460_1280.png,
Sun Tzu,https://cdn.pixabay.com/photo/2015/10/05/22/37/blank-profile-picture-973460_1280.png,
Swedish proverb,https://cdn.pixabay.com/photo/2015/10/05/22/37/blank-profile-picture-973460_1280.png,
Sydney Smith,https://cdn.pixabay.com/photo/2015/10/05/22/37/blank-profile-picture-973460_1280.png,
Sylvia Plath,https://cdn.pixabay.com/photo/2015/10/05/22/37/blank-profile-picture-973460_1280.png,
Sylvia Voirol,https://cdn.pixabay.com/photo/2015/10/05/22/37/blank-profile-picture-973460_1280.png,
Taleb Nassim Nicholas,https://cdn.pixabay.com/photo/2015/10/05/22/37/blank-profile-picture-973460_1280.png,
Tehyi Hsieh,https://cdn.pixabay.com/photo/2015/10/05/22/37/blank-profile-picture-973460_1280.png,
Tenzin Gyatso,https://cdn.pixabay.com/photo/2015/10/05/22/37/blank-profile-picture-973460_1280.png,
Terry Tempest Williams,https://cdn.pixabay.com/photo/2015/10/05/22/37/blank-profile-picture-973460_1280.png,
Theodore H. White,https://cdn.pixabay.com/photo/2015/10/05/22/37/blank-profile-picture-973460_1280.png,
Theodore Roosevelt,https://cdn.pixabay.com/photo/2015/10/05/22/37/blank-profile-picture-973460_1280.png,
Theodore Rubin,https://cdn.pixabay.com/photo/2015/10/05/22/37/blank-profile-picture-973460_1280.png,
Theophrastus,https://cdn.pixabay.com/photo/2015/10/05/22/37/blank-profile-picture-973460_1280.png,
Thich Nhat Hanh,https://cdn.pixabay.com/photo/2015/10/05/22/37/blank-profile-picture-973460_1280.png,
Thomas Carlyle,https://cdn.pixabay.com/photo/2015/10/05/22/37/blank-profile-picture-973460_1280.png,
Thomas Dewar,https://cdn.pixabay.com/photo/2015/10/05/22/37/blank-profile-picture-973460_1280.png,
Thomas Edison,https://cdn.pixabay.com/photo/2015/10/05/22/37/blank-profile-picture-973460_1280.png,
Thomas Fuller,https://cdn.pixabay.com/photo/2015/10/05/22/37/blank-profile-picture-973460_1280.png,
Thomas Hardy,https://cdn.pixabay.com/photo/2015/10/05/22/37/blank-profile-picture-973460_1280.png,
Thomas Jefferson,https://cdn.pixabay.com/photo/2015/10/05/22/37/blank-profile-picture-973460_1280.png,
Thomas Kempis,https://cdn.pixabay.com/photo/2015/10/05/22/37/blank-profile-picture-973460_1280.png,
Thomas Paine,https://cdn.pixabay.com/photo/2015/10/05/22/37/blank-profile-picture-973460_1280.png,
Thornton Wilder,https://cdn.pixabay.com/photo/2015/10/05/22/37/blank-profile-picture-973460_1280.png,
Tim Menchen,https://cdn.pixabay.com/photo/2015/10/05/22/37/blank-profile-picture-973460_1280.png,
Tom Brady,https://cdn.pixabay.com/photo/2015/10/05/22/37/blank-profile-picture-973460_1280.png,
Tom Jackson,https://cdn.pixabay.com/photo/2015/10/05/22/37/blank-profile-picture-973460_1280.png,
Tom Krause,https://cdn.pixabay.com/photo/2015/10/05/22/37/blank-profile-picture-973460_1280.png,
Tom Lehrer,https://cdn.pixabay.com/photo/2015/10/05/22/37/blank-profile-picture-973460_1280.png,
Tom Peters,https://cdn.pixabay.com/photo/2015/10/05/22/37/blank-profile-picture-973460_1280.png,
Tomas Eliot,https://cdn.pixabay.com/photo/2015/10/05/22/37/blank-profile-picture-973460_1280.png,
Toni Morrison,https://cdn.pixabay.com/photo/2015/10/05/22/37/blank-profile-picture-973460_1280.png,
Tony Blair,https://cdn.pixabay.com/photo/2015/10/05/22/37/blank-profile-picture-973460_1280.png,
Tony Robbins,https://cdn.pixabay.com/photo/2015/10/05/22/37/blank-profile-picture-973460_1280.png,
Tryon Edwards,https://cdn.pixabay.com/photo/2015/10/05/22/37/blank-profile-picture-973460_1280.png,
Turkish proverb,https://cdn.pixabay.com/photo/2015/10/05/22/37/blank-profile-picture-973460_1280.png,
Unknown,https://cdn.pixabay.com/photo/2015/10/05/22/37/blank-profile-picture-973460_1280.png,
Ursula Leguin,https://cdn.pixabay.com/photo/2015/10/05/22/37/blank-profile-picture-973460_1280.png,
Usman Asif,https://cdn.pixabay.com/photo/2015/10/05/22/37/blank-profile-picture-973460_1280.png,
Uta Hagen,https://cdn.pixabay.com/photo/2015/10/05/22/37/blank-profile-picture-973460_1280.png,
V. Naipaul,https://cdn.pixabay.com/photo/2015/10/05/22/37/blank-profile-picture-973460_1280.png,
Vaclav Havel,https://cdn.pixabay.com/photo/2015/10/05/22/37/blank-profile-picture-973460_1280.png,
Vernon Cooper,https://cdn.pixabay.com/photo/2015/10/05/22/37/blank-profile-picture-973460_1280.png,
Victor Frankl,https://cdn.pixabay.com/photo/2015/10/05/22/37/blank-profile-picture-973460_1280.png,
Victor Hugo,https://cdn.pixabay.com/photo/2015/10/05/22/37/blank-profile-picture-973460_1280.png,
Victoria Holt,https://cdn.pixabay.com/photo/2015/10/05/22/37/blank-profile-picture-973460_1280.png,
Vince Lombardi,https://cdn.pixabay.com/photo/2015/10/05/22/37/blank-profile-picture-973460_1280.png,
Vincent Lombardi,https://cdn.pixabay.com/photo/2015/10/05/22/37/blank-profile-picture-973460_1280.png,
Virgil,https://cdn.pixabay.com/photo/2015/10/05/22/37/blank-profile-picture-973460_1280.png,
Vista Kelly,https://cdn.pixabay.com/photo/2015/10/05/22/37/blank-profile-picture-973460_1280.png,
Voltaire,https://cdn.pixabay.com/photo/2015/10/05/22/37/blank-profile-picture-973460_1280.png,
W. Clement Stone,https://cdn.pixabay.com/photo/2015/10/05/22/37/blank-profile-picture-973460_1280.png,
W. H. Auden,https://cdn.pixabay.com/photo/2015/10/05/22/37/blank-profile-picture-973460_1280.png,
Walt Disney,https://cdn.pixabay.com/photo/2015/10/05/22/37/blank-profile-picture-973460_1280.png,
Walt Emerson,https://cdn.pixabay.com/photo/2015/10/05/22/37/blank-profile-picture-973460_1280.png,
Walter Anderson,https://cdn.pixabay.com/photo/2015/10/05/22/37/blank-profile-picture-973460_1280.png,
Walter Benjamin,https://cdn.pixabay.com/photo/2015/10/05/22/37/blank-profile-picture-973460_1280.png,
Walter Cronkite,https://cdn.pixabay.com/photo/2015/10/05/22/37/blank-profile-picture-973460_1280.png,
Walter Linn,https://cdn.pixabay.com/photo/2015/10/05/22/37/blank-profile-picture-973460_1280.png,
Walter Lippmann,https://cdn.pixabay.com/photo/2015/10/05/22/37/blank-profile-picture-973460_1280.png,
Walter Reisch,https://cdn.pixabay.com/photo/2015/10/05/22/37/blank-profile-picture-973460_1280.png,
Washington Irving,https://cdn.pixabay.com/photo/2015/10/05/22/37/blank-profile-picture-973460_1280.png,
Wayne Dyer,https://cdn.pixabay.com/photo/2015/10/05/22/37/blank-profile-picture-973460_1280.png,
Whoopi Goldberg,https://cdn.pixabay.com/photo/2015/10/05/22/37/blank-profile-picture-973460_1280.png,
Will Durant,https://cdn.pixabay.com/photo/2015/10/05/22/37/blank-profile-picture-973460_1280.png,
Will Rogers,https://cdn.pixabay.com/photo/2015/10/05/22/37/blank-profile-picture-973460_1280.png,
Willa Cather,https://cdn.pixabay.com/photo/2015/10/05/22/37/blank-profile-picture-973460_1280.png,
William Arthur Ward,https://cdn.pixabay.com/photo/2015/10/05/22/37/blank-profile-picture-973460_1280.png,
William Blake,https://cdn.pixabay.com/photo/2015/10/05/22/37/blank-profile-picture-973460_1280.png,
William Burroughs,https://cdn.pixabay.com/photo/2015/10/05/22/37/blank-profile-picture-973460_1280.png,
William Channing,https://cdn.pixabay.com/photo/2015/10/05/22/37/blank-profile-picture-973460_1280.png,
William H. McRaven,https://cdn.pixabay.com/photo/2015/10/05/22/37/blank-profile-picture-973460_1280.png,
William Hazlitt,https://cdn.pixabay.com/photo/2015/10/05/22/37/blank-profile-picture-973460_1280.png,
William James,https://cdn.pixabay.com/photo/2015/10/05/22/37/blank-profile-picture-973460_1280.png,
William Londen,https://cdn.pixabay.com/photo/2015/10/05/22/37/blank-profile-picture-973460_1280.png,
William Lyon Phelps,https://cdn.pixabay.com/photo/2015/10/05/22/37/blank-profile-picture-973460_1280.png,
William Menninger,https://cdn.pixabay.com/photo/2015/10/05/22/37/blank-profile-picture-973460_1280.png,
William Penn,https://cdn.pixabay.com/photo/2015/10/05/22/37/blank-profile-picture-973460_1280.png,
William R. Inge,https://cdn.pixabay.com/photo/2015/10/05/22/37/blank-profile-picture-973460_1280.png,
William Saroyan,https://cdn.pixabay.com/photo/2015/10/05/22/37/blank-profile-picture-973460_1280.png,
William Scolavino,https://cdn.pixabay.com/photo/2015/10/05/22/37/blank-profile-picture-973460_1280.png,
William Shakespeare,https://cdn.pixabay.com/photo/2015/10/05/22/37/blank-profile-picture-973460_1280.png,
William Sloane Coffin,https://cdn.pixabay.com/photo/2015/10/05/22/37/blank-profile-picture-973460_1280.png,
William Ward,https://cdn.pixabay.com/photo/2015/10/05/22/37/blank-profile-picture-973460_1280.png,
William White,https://cdn.pixabay.com/photo/2015/10/05/22/37/blank-profile-picture-973460_1280.png,
William Yeats,https://cdn.pixabay.com/photo/2015/10/05/22/37/blank-profile-picture-973460_1280.png,
Winifred Holtby,https://cdn.pixabay.com/photo/2015/10/05/22/37/blank-profile-picture-973460_1280.png,
Winston Churchill,https://cdn.pixabay.com/photo/2015/10/05/22/37/blank-profile-picture-973460_1280.png,
Wit,https://cdn.pixabay.com/photo/2015/10/05/22/37/blank-profile-picture-973460_1280.png,
Wolfgang Amadeus Mozart,https://cdn.pixabay.com/photo/2015/10/05/22/37/blank-profile-picture-973460_1280.png,
Woody Guthrie,https://cdn.pixabay.com/photo/2015/10/05/22/37/blank-profile-picture-973460_1280.png,
Ymber Delecto,https://cdn.pixabay.com/photo/2015/10/05/22/37/blank-profile-picture-973460_1280.png,
Yoda,https://cdn.pixabay.com/photo/2015/10/05/22/37/blank-profile-picture-973460_1280.png,
Yogi Berra,https://cdn.pixabay.com/photo/2015/10/05/22/37/blank-profile-picture-973460_1280.png,
Zadok Rabinowitz,https://cdn.pixabay.com/photo/2015/10/05/22/37/blank-profile-picture-973460_1280.png,
Zeno of Citium,https://cdn.pixabay.com/photo/2015/10/05/22/37/blank-profile-picture-973460_1280.png,
Zig Ziglar,https://cdn.pixabay.com/photo/2015/10/05/22/37/blank-profile-picture-973460_1280.png,
Ziggy,https://cdn.pixabay.com/photo/2015/10/05/22/37/blank-profile-picture-973460_1280.png,
,,
,,
,,
,,
,,
,,
,,
,,
,,
,,
,,
,,
,,
,,
,,
,,
,,
,,
,,
,,
,,
,,
,,
,,
,,
,,
,,
,,
,,
,,
,,
,,
,,
,,
,,
,,
,,
,,
,,
,,
,,
,,
,,
,,
,,
,,
,,
,,
,,
,,
,,
,,
,,
,,
,,
,,
,,
,,
,,
,,
,,
,,
,,
,,
,,
,,
,,
,,
,,
,,
,,
,,
,,
,,
,,
,,
,,
,,
,,
,,
,,
,,
,,
,,
,,
,,
,,
,,
,,
,,
,,
,,
,,
,,
,,
,,
,,
,,
,,
,,
,,
,,
,,
,,
,,
,,
,,
,,
,,
,,
,,
,,
,,
,,
,,
,,
,,
,,
,,
,,
,,
,,
,,
,,
,,
,,
,,
,,
,,
,,
,,
,,
,,
,,
,,
,,
,,
,,
,,
,,
,,
,,
,,
,,
,,
,,
,,
,,
,,
,,
,,
,,
,,
,,
,,
,,
,,
,,
,,
,,
,,
,,
,,
,,
,,
,,
,,
,,
,,
,,
,,
,,
,,
,,
,,
,,
,,
,,
,,
,,
,,
,,
,,
,,
,,
,,
,,
,,
,,
,,
,,
,,
,,
,,
,,
,,
,,
,,
,,
,,
,,
,,
,,
,,
,,
,,
,,
,,
,,
,,
,,
,,
,,
,,
,,
,,
,,
,,
,,
,,
,,
,,
,,
,,
,,
,,
,,
,,
,,
,,
,,
,,
,,
,,
,,
,,
,,
,,
,,
,,
,,
,,
,,
,,
,,
,,
,,
,,
,,
,,
,,
,,
,,
,,
,,
,,
,,
,,
,,
,,
,,
,,
,,
,,
,,
,,
,,
,,
,,
,,
,,
,,
,,
,,
,,
,,
,,
,,
,,
,,
,,
,,
,,
,,
,,
,,
,,
,,
,,
,,
,,
,,
,,
,,
,,
,,
,,
,,
,,
,,
,,
,,
,,
,,
,,
,,
,,
,,
,,
,,
,,
,,
,,
,,
,,
,,
,,
,,
,,
,,
,,
,,
,,
,,
,,
,,
,,
,,
,,
,,
,,
,,
,,
,,
,,
,,
,,
,,
,,
,,
,,
,,
,,
,,
,,
,,
,,
,,
,,
,,
,,
,,
,,
,,
,,
,,
,,
,,
,,
,,
,,
,,
,,
,,
,,
,,
,,
,,
,,
,,
,,
,,
,,
,,
,,
,,
,,
,,
,,
,,
,,
,,
,,
,,
,,
,,
,,
,,
,,
,,
,,
,,
,,
,,
,,
,,
,,
,,
,,
,,
,,
,,
,,
,,
,,
,,
,,
,,
,,
,,
,,
,,
,,
,,
,,
,,
,,
,,
,,
,,
,,
,,
,,
,,
,,
,,
,,
,,
,,
,,
,,
,,
,,
,,
,,
,,
,,
,,
,,
,,
,,
,,
,,
,,
,,
,,
,,
,,
,,
,,
,,
,,
,,
,,
,,
,,
,,
,,
,,
,,
,,
,,
,,
,,
,,
,,
,,
,,
,,
,,
,,
,,
,,
,,
,,
,,
,,
,,
,,
,,
,,
,,
,,
,,
,,
,,
,,
,,
,,
,,
,,
,,
,,
,,
,,
,,
,,
,,
,,
,,
,,
,,
,,
,,
,,
,,
,,
,,
,,
,,
,,
,,
,,
,,
,,
,,
,,
,,
,,
,,
,,
,,
,,
,,
,,
,,
,,
,,
,,
,,
,,
,,
,,
,,
,,
,,
,,
,,
,,
,,
,,
,,
,,
,,
,,
,,
,,
,,
,,
,,
,,
,,
,,
,,
,,
,,
,,
,,
,,
,,
,,
,,
,,
,,
,,
,,
,,
,,
,,
,,
,,
,,
,,
,,
,,
,,
,,
,,
,,
,,
,,
,,
,,
,,
,,
,,
,,
,,
,,
,,
,,
,,
,,
,,
,,
,,
,,
,,
,,
,,
,,
,,
,,
,,
,,
,,
,,
,,
,,
,,
,,
,,
,,
,,
,,
,,
,,
,,
,,
,,
,,
,,
,,
,,
,,
,,
,,
,,
,,
,,
,,
,,
,,
,,
,,
,,
,,
,,
,,
,,
,,
,,
,,
,,
,,
,,
,,
,,
,,
,,
,,
,,
,,
,,
,,
,,
,,
,,
,,
,,
,,
,,
,,
,,
,,
,,
,,
,,
,,
,,
,,
,,
,,
,,
,,
,,
,,
,,
,,
,,
,,
,,
,,
,,
,,
,,
,,
,,
,,
,,
,,
,,
,,
,,
,,
,,
,,
,,
,,
,,
,,
,,
,,
,,
,,
,,
,,
,,
,,
,,
,,
,,
,,
,,
,,
,,
,,
,,
,,
,,
,,
,,
,,
,,
,,
,,
,,
,,
,,
,,
,,
,,
,,
,,
,,
,,
,,
,,
,,
,,
,,
,,
,,
,,
,,
,,
,,
,,
,,
,,
,,
,,
,,
,,
,,
,,
,,
,,
,,
,,
,,
,,
,,
,,
,,
,,
,,
,,
,,
,,
,,
,,
,,
,,
,,
,,
,,
,,
,,
,,
,,
,,
,,
,,
,,
,,
,,
,,
,,
,,
,,
,,
,,
,,
,,
,,
,,
,,
,,
,,
,,
,,
,,
,,
,,
,,
,,
,,
,,
,,
,,
,,
,,
,,
,,
,,
,,
,,
,,
,,
,,
,,
,,
,,
,,
,,
,,
,,
,,
,,
,,
,,
,,
,,
,,
,,
,,
,,
,,
,,
,,
,,
,,
,,
,,
,,
,,
,,
,,
,,
,,
,,
,,
,,
,,
,,
,,
,,
,,
,,
,,
,,
,,
,,
,,
,,
,,
,,
,,
,,
,,
,,
,,
,,
,,
,,
,,
,,
,,
,,
,,
,,
,,
,,
,,
,,
,,
,,
,,
,,
,,
,,
,,
,,
,,
,,
,,
,,
,,
,,
,,
,,
,,
,,
,,
,,
,,
,,
,,
,,
,,
,,
,,
,,
,,
,,
,,
,,
,,
,,
,,
,,
,,
,,
,,
,,
,,
,,
,,
,,
,,
,,
,,
,,
,,
,,
,,
,,
,,
,,
,,
,,
,,
,,
,,
,,
,,
,,
,,
,,
,,
,,
,,
,,
,,
,,
,,
,,
,,
,,
,,
,,
,,
,,
,,
,,
,,
,,
,,
,,
,,
,,
,,
,,
,,
,,
,,
,,
,,
,,
,,
,,
,,
,,
,,
,,
,,
,,
,,
,,
,,
,,
,,
,,
,,
,,
,,
,,
,,
,,
,,
,,
,,
,,
,,
,,
,,
,,
,,
,,
,,
,,
,,
,,
,,
,,
,,
,,
,,
,,
,,
,,
,,
,,
,,
,,
,,
,,
,,
,,
,,
,,
,,
,,
,,
,,
,,
,,
,,
,,
,,
,,
,,
,,
,,
,,
,,
,,
,,
,,
,,
,,
,,
,,
,,
,,
,,
,,
,,
,,
,,
,,
,,
,,
,,
,,
,,
,,
,,
,,
,,
,,
,,
,,
,,
,,
,,
,,
,,
,,
,,
,,
,,
,,
,,
,,
,,
,,
,,
,,
,,
,,
,,
,,
,,
,,
,,
,,
,,
,,
,,
,,
,,
,,
,,
,,
,,
,,
,,
,,
,,
,,
,,
,,
,,
,,
,,
,,
,,
,,
,,
,,
,,
,,
,,
,,
,,
,,
,,
,,
,,
,,
,,
,,
,,
,,
,,
,,
,,
,,
,,
,,
,,
,,
,,
,,
,,
,,
,,
,,
,,
,,
,,
,,
,,
,,
,,
,,
,,
,,
,,
,,
,,
,,
,,
,,
,,
,,
,,
,,
,,
,,
,,
,,
,,
,,
,,
,,
,,
,,
,,
,,
,,
,,
,,
,,
,,
,,
,,
,,
,,
,,
,,
,,
,,
,,
,,
,,
,,
,,
,,
,,
,,
,,
,,
,,
,,
,,
,,
,,
,,
,,
,,
,,
,,
,,
,,
,,
,,
,,
,,
,,
,,
,,
,,
,,
,,
,,
,,
,,
,,
,,
,,
,,
,,
,,
,,
,,
,,
,,
,,
,,
,,
,,
,,
,,
,,
,,
,,
,,
,,
,,
,,
,,
,,
,,
,,
,,
,,
,,
,,
,,
,,
,,
,,
,,
,,
,,
,,
,,
,,
,,
,,
,,
,,
,,
,,
,,
,,
,,
,,
,,
,,
,,
,,
,,
,,
,,
,,
,,
,,
,,
,,
,,
,,
,,
,,
,,
,,
,,
,,
,,
,,
,,
,,
,,
,,
,,
,,
,,
,,
,,
,,
,,
,,
,,
,,
,,
,,
,,
,,
,,
,,
,,
,,
,,
,,
,,
,,
,,
,,
,,
,,
,,
,,
,,
,,
,,
,,
,,
,,
,,
,,
,,
,,
,,
,,
,,
,,
,,
,,
,,
,,
,,
,,
,,
,,
,,
,,
,,
,,
,,
,,
,,
,,
,,
,,
,,
,,
,,
,,
,,
,,
,,
,,
,,
,,
,,
,,
,,
,,
,,
,,
,,
,,
,,
,,
,,
,,
,,
,,
,,
,,
,,
,,
,,
,,
,,
,,
,,
,,
,,
,,
,,
,,
,,
,,
,,
,,
,,
,,
,,
,,
,,
,,
,,
,,
,,
,,
,,
,,
,,
,,
,,
,,
,,
,,
,,
,,
,,
,,
,,
,,
,,
,,
,,
,,
,,
,,
,,
,,
,,
,,
,,
,,
,,
,,
,,
,,
,,
,,
,,
,,
,,
,,
,,
,,
,,
,,
,,
,,
,,
,,
,,
,,
,,
,,
,,
,,
,,
,,
,,
,,
,,
,,
,,
,,
,,
,,
,,
,,
,,
,,
,,
,,
,,
,,
,,
,,
,,
,,
,,
,,
,,
,,
,,
,,
,,
,,
,,
,,
,,
,,
,,
,,
,,
,,
,,
,,
,,
,,
,,
,,
,,
,,
,,
,,
,,
,,
,,
,,
,,
,,
,,
,,
,,
,,
,,
,,
,,
,,
,,
,,
,,
,,
,,
,,
,,
,,
,,
,,
,,
,,
,,
,,
,,
,,
,,
,,
,,
,,
,,
,,
,,
,,
,,
,,
,,
,,
,,
,,
,,
,,
,,
,,
,,
,,
,,
,,
,,
,,
,,
,,
,,
,,
,,
,,
,,
,,
,,
,,
,,
,,
,,
,,
,,
,,
,,
,,
,,
,,
,,
,,
,,
,,
,,
,,
,,
,,
,,
,,
,,
,,
,,
,,
,,
,,
,,
,,
,,
,,
,,
,,
,,
,,
,,
,,
,,
,,
,,
,,
,,
,,
,,
,,
,,
,,
,,
,,
,,
,,
,,
,,
,,
,,
,,
,,
,,
,,
,,
,,
,,
,,
,,
,,
,,
,,
,,
,,
,,
,,
,,
,,
,,
,,
,,
,,
,,
,,
,,
,,
,,
,,
,,
,,
,,
,,
,,
,,
,,
,,
,,
,,
,,
,,
,,
,,
,,
,,
,,
,,
,,
,,
,,
,,
,,
,,
,,
,,
,,
,,
,,
,,
,,
,,
,,
,,
,,
,,
,,
,,
,,
,,
,,
,,
,,
,,
,,
,,
,,
,,
,,
,,
,,
,,
,,
,,
,,
,,
,,
,,
,,
,,
,,
,,
,,
,,
,,
,,
,,
,,
,,
,,
,,
,,
,,
,,
,,
,,
,,
,,
,,
,,
,,
,,
,,
,,
,,
,,
,,
,,
,,
,,
,,
,,
,,
,,
,,
,,
,,
,,
,,
,,
,,
,,
,,
,,
,,
,,
,,
,,
,,
,,
,,
,,
,,
,,
,,
,,
,,
,,
,,
,,
,,
,,
,,
,,
,,
,,
,,
,,
,,
,,
,,
,,
,,
,,
,,
,,
,,
,,
,,
,,
,,
,,
,,
,,
,,
,,
,,
,,
,,
,,
,,
,,
,,
,,
,,
,,
,,
,,
,,
,,
,,
,,
,,
,,
,,
,,
,,
,,
,,
,,
,,
,,
,,
,,
,,
,,
,,
,,
,,
,,
,,
,,
,,
,,
,,
,,
,,
,,
,,
,,
,,
,,
,,
,,
,,
,,
,,
,,
,,
,,
,,
,,
,,
,,
,,
,,
,,
,,
,,
,,
,,
,,
,,
,,
,,
,,
,,
,,
,,
,,
,,
,,
,,
,,
,,
,,
,,
,,
,,
,,
,,
,,
,,
,,
,,
,,
,,
,,
,,
,,
,,
,,
,,
,,
,,
,,
,,
,,
,,
,,
,,
,,
,,
,,
,,
,,
,,
,,
,,
,,
,,
,,
,,
,,
,,
,,
,,
,,
,,
,,
,,
,,
,,
,,
,,
,,
,,
,,
,,
,,
,,
,,
,,
,,
,,
,,
,,
,,
,,
,,
,,
,,
,,
,,
,,
,,
,,
,,
,,
,,
,,
,,
,,
,,
,,
,,
,,
,,
,,
,,
,,
,,
,,
,,
,,
,,
,,
,,
,,
,,
,,
,,
,,
,,
,,
,,
,,
,,
,,
,,
,,
,,
,,
,,
,,
,,
,,
,,
,,
,,
,,
,,
,,
,,
,,
,,
,,
,,
,,
,,
,,
,,
,,
,,
,,
,,
,,
,,
,,
,,
,,
,,
,,
,,
,,
,,
,,
,,
,,
,,
,,
,,
,,
,,
,,
,,
,,
,,
,,
,,
,,
,,
,,
,,
,,
,,
,,
,,
,,
,,
,,
,,
,,
,,
,,
,,
,,
,,
,,
,,
,,
,,
,,
,,
,,
,,
,,
,,
,,
,,
,,
,,
,,
,,
,,
,,
,,
,,
,,
,,
,,
,,
,,
,,
,,
,,
,,
,,
,,
,,
,,
,,
,,
,,
,,
,,
,,
,,
,,
,,
,,
,,
,,
,,
,,
,,
,,
,,
,,
,,
,,
,,
,,
,,
,,
,,
,,
,,
,,
,,
,,
,,
,,
,,
,,
,,
,,
,,
,,
,,
,,
,,
,,
,,
,,
,,
,,
,,
,,
,,
,,
,,
,,
,,
,,
,,
,,
,,
,,
,,
,,
,,
,,
,,
,,
,,
,,
,,
,,
,,
,,
,,
,,
,,
,,
,,
,,
,,
,,
,,
,,
,,
,,
,,
,,
,,
,,
,,
,,
,,
,,
,,
,,
,,
,,
,,
,,
,,
,,
,,
,,
,,
,,
,,
,,
,,
,,
,,
,,
,,
,,
,,
,,
,,
,,
,,
,,
,,
,,
,,
,,
,,
,,
,,
,,
,,
,,
,,
,,
,,
,,
,,
,,
,,
,,
,,
,,
,,
,,
,,
,,
,,
,,
,,
,,
,,
,,
,,
,,
,,
,,
,,
,,
,,
,,
,,
,,
,,
,,
,,
,,
,,
,,
,,
,,
,,
,,
,,
,,
,,
,,
,,
,,
,,
,,
,,
,,
,,
,,
,,
,,
,,
,,
,,
,,
,,
,,
,,
,,
,,
,,
,,
,,
,,
,,
,,
,,
,,
,,
,,
,,
,,
,,
,,
,,
,,
,,
,,
,,
,,
,,
,,
,,
,,
,,
,,
,,
,,
,,
,,
,,
,,
,,
,,
,,
,,
,,
,,
,,
,,
,,
,,
,,
,,
,,
,,
,,
,,
,,
,,
,,
,,
,,
,,
,,
,,
,,
,,
,,
,,
,,
,,
,,
,,
,,
,,
,,
,,
,,
,,
,,
,,
,,
,,
,,
,,
,,
,,
,,
,,
,,
,,
,,
,,
,,
,,
,,
,,
,,
,,
,,
,,
,,
,,
,,
,,
,,
,,
,,
,,
,,
,,
,,
,,
,,
,,
,,
,,
,,
,,
,,
,,
,,
,,
,,
,,
,,
,,
,,
,,
,,
,,
,,
,,
,,
,,
,,
,,
,,
,,
,,
,,
,,
,,
,,
,,
,,
,,
,,
,,
,,
,,
,,
,,
,,
,,
,,
,,
,,
,,
,,
,,
,,
,,
,,
,,
,,
,,
,,
,,
,,
,,
,,
,,
,,
,,
,,
,,
,,
,,
,,
,,
,,
,,
,,
,,
,,
,,
,,
,,
,,
,,
,,
,,
,,
,,
,,
,,
,,
,,
,,
,,
,,
,,
,,
,,
,,
,,
,,
,,
,,
,,
,,
,,
,,
,,
,,
,,
,,
,,
,,
,,
,,
,,
,,
,,
,,
,,
,,
,,
,,
,,
,,
,,
,,
,,
,,
,,
,,
,,
,,
,,
,,
,,
,,
,,
,,
,,
,,
,,
,,
,,
,,
,,
,,
,,
,,
,,
,,
,,
,,
,,
,,
,,
,,
,,
,,
,,
,,
,,
,,
,,
,,
,,
,,
,,
,,
,,
,,
,,
,,
,,
,,
